Workbook

Sheet LookUP
A2: Sessions Division | B2: Mewat at Nuh
A3: Total Courts | B3: =IF(B2="","",VLOOKUP(B2,Courts!B:F,5,FALSE())) -> 14
A4: Working Courts | B4: =IF(B2="","",VLOOKUP(B2,Courts!B:C,2,FALSE())) -> 13
A5: TJOs | B5: =IF(B2="","",VLOOKUP(B2,Courts!B:D,3,FALSE())) -> 1
A6: Family Camp Courts | B6: =IF(B2="","",VLOOKUP(B2,Courts!B:E,4,FALSE())) -> 0
A7: ITEM | B7: Scanners | C7: Display Boards | D7: MFP | E7: Duplex Laser Printers | F7: AIO | G7: PAS
A8: Distributed | B8: =IF(B2="","",VLOOKUP(B2,Scanners!B:L,11,FALSE())) -> 18 | C8: =IF(B2="","",VLOOKUP(B2,DisBo!B:I,8,FALSE())) -> 10 | D8: =IF(B2="","",VLOOKUP(B2,MFP!B:K,10,FALSE())) -> 14 | E8: =IF(B2="","",VLOOKUP(B2,DLP!B:O,14,FALSE())) -> 28 | F8: =IF(B2="","",VLOOKUP(B2,AIO!B:P,15,FALSE())) -> 112 | G8: =IF(B2="","",VLOOKUP(B2,PAS!B:J,9,FALSE())) -> 15
A9: Requirement | B9: =IF(B2="","",VLOOKUP(B2,Scanners!B:M,12,FALSE())) -> 14 | C9: =IF(B2="","",VLOOKUP(B2,DisBo!B:J,9,FALSE())) -> 14 | D9: =IF(B2="","",VLOOKUP(B2,MFP!B:L,11,FALSE())) -> 14 | E9: =IF(B2="","",VLOOKUP(B2,DLP!B:R,17,FALSE())) -> 28 | F9: =IF(B2="","",VLOOKUP(B2,AIO!B:T,19,FALSE())) -> 112 | G9: =IF(B2="","",VLOOKUP(B2,PAS!B:K,10,FALSE())) -> 14
A10: Shortfall (-) /Surplus (+) | B10: =IF(B2="","",VLOOKUP(B2,Scanners!B:N,13,FALSE())) -> 4 | C10: =IF(B2="","",VLOOKUP(B2,DisBo!B:K,10,FALSE())) -> -4 | D10: =IF(B2="","",VLOOKUP(B2,MFP!B:M,12,FALSE())) -> 0 | E10: =IF(B2="","",VLOOKUP(B2,DLP!B:S,18,FALSE())) -> 0 | F10: =IF(B2="","",VLOOKUP(B2,AIO!B:U,20,FALSE())) -> 0 | G10: =IF(B2="","",VLOOKUP(B2,PAS!B:L,11,FALSE())) -> 1
A12: PUNJAB
A13: Distributed | B13: =Scanners!L135 -> 786 | C13: =DisBo!I136 -> 572 | D13: =MFP!K135 -> 717 | E13: =DLP!O135 -> 1378 | F13: =AIO!P135 -> 4420
A14: Requirement | B14: =Scanners!M135 -> 685 | C14: =DisBo!J136 -> 685 | D14: =MFP!L135 -> 685 | E14: =DLP!R135 -> 1280 | F14: =AIO!T135 -> 5300
A15: Shortfall (-) /Surplus (+) | B15: =Scanners!N135 -> 101 | C15: =DisBo!K136 -> -113 | D15: =MFP!M135 -> 32 | E15: =DLP!S135 -> 98 | F15: =AIO!U135 -> -880
A17: HARYANA
A18: Distributed | B18: =Scanners!L136 -> 602 | C18: =DisBo!I137 -> 456 | D18: =MFP!K136 -> 548 | E18: =DLP!O136 -> 1095 | F18: =AIO!P136 -> 4241
A19: Requirement | B19: =Scanners!M136 -> 623 | C19: =DisBo!J137 -> 623 | D19: =MFP!L136 -> 623 | E19: =DLP!R136 -> 1174 | F19: =AIO!T136 -> 4840
A20: Shortfall (-) /Surplus (+) | B20: =Scanners!N136 -> -21 | C20: =DisBo!K137 -> -167 | D20: =MFP!M136 -> -75 | E20: =DLP!S136 -> -79 | F20: =AIO!U136 -> -599
A22: CHANDIGARH
A23: Distributed | B23: =Scanners!L137 -> 36 | C23: =DisBo!I138 -> 31 | D23: =MFP!K137 -> 31 | E23: =DLP!O137 -> 65 | F23: =AIO!P137 -> 240
A24: Requirement | B24: =Scanners!M137 -> 28 | C24: =DisBo!J138 -> 28 | D24: =MFP!L137 -> 28 | E24: =DLP!R137 -> 56 | F24: =AIO!T137 -> 224
A25: Shortfall (-) /Surplus (+) | B25: =Scanners!N137 -> 8 | C25: =DisBo!K138 -> 3 | D25: =MFP!M137 -> 3 | E25: =DLP!S137 -> 9 | F25: =AIO!U137 -> 16
A27: TOTAL
A28: Distributed | B28: =Scanners!L138 -> 1424 | C28: =DisBo!I139 -> 1059 | D28: =MFP!K138 -> 1296 | E28: =DLP!O138 -> 2538 | F28: =AIO!P138 -> 8901
A29: Requirement | B29: =Scanners!M138 -> 1336 | C29: =DisBo!J139 -> 1336 | D29: =MFP!L138 -> 1336 | E29: =DLP!R138 -> 2510 | F29: =AIO!T138 -> 10364
A30: Shortfall (-) /Surplus (+) | B30: =Scanners!N138 -> 88 | C30: =DisBo!K139 -> -277 | D30: =MFP!M138 -> -40 | E30: =DLP!S138 -> 28 | F30: =AIO!U138 -> -1463

Sheet TooliD
C1: Courts | G1: Scanners | J1: Display Boards | M1: Multi Function Printers | P1: Duplex Laser Printers | S1: AIO Computers with UPS | V1: Public Address System
A2: Sr. No. | B2: Sessions Division/Sub-Division | C2: Total number of working Court including family Courts | D2: TJOs | E2: Number of family Camp Court/ Gram Nyayalay | F2: Total COURTS | G2: Distributed | H2: Required | I2: Shortfall/Surplus | J2: Distributed | K2: Required | L2: Shortfall/Surplus | M2: Distributed | N2: Required | O2: Shortfall/Surplus | P2: Distributed | Q2: Required | R2: Shortfall/Surplus | S2: Distributed | T2: Required | U2: Shortfall/Surplus | V2: Distributed | W2: Required | X2: Shortfall/Surplus
A3: 1 | B3: Amritsar | C3: =VLOOKUP(B:B,Courts!B:C,2,FALSE) -> 48 | D3: =VLOOKUP(B:B,Courts!B:D,3,FALSE) -> 0 | E3: =VLOOKUP(B:B,Courts!B:E,4,FALSE) -> 0 | F3: =SUM(C3:E3) -> 48 | G3: =Scanners!L2 -> 51 | H3: =SUM(C3:E3)*1 -> 48 | I3: =G3-H3 -> 3 | J3: =DisBo!I2 -> 35 | K3: =SUM(C3:E3)*1 -> 48 | L3: =J3-K3 -> -13 | M3: =MFP!K2 -> 46 | N3: =SUM(C3:E3)*1 -> 48 | O3: =M3-N3 -> -2 | P3: =DLP!O2 -> 90 | Q3: =DLP!R2 -> 96 | R3: =P3-Q3 -> -6 | S3: =AIO!P2 -> 280 | T3: =SUM(C3:D3)*8+E3*4 -> 384 | U3: =S3-T3 -> -104 | V3: =PAS!J2 -> 35 | W3: =SUM(C3:E3)*1 -> 48 | X3: =V3-W3 -> -13
A4: 2 | B4: Ajnala | C4: =VLOOKUP(B:B,Courts!B:C,2,FALSE) -> 5 | D4: =VLOOKUP(B:B,Courts!B:D,3,FALSE) -> 0 | E4: =VLOOKUP(B:B,Courts!B:E,4,FALSE) -> 1 | F4: =SUM(C4:E4) -> 6 | G4: =Scanners!L3 -> 6 | H4: =SUM(C4:E4)*1 -> 6 | I4: =G4-H4 -> 0 | J4: =DisBo!I3 -> 5 | K4: =SUM(C4:E4)*1 -> 6 | L4: =J4-K4 -> -1 | M4: =MFP!K3 -> 6 | N4: =SUM(C4:E4)*1 -> 6 | O4: =M4-N4 -> 0 | P4: =DLP!O3 -> 11 | Q4: =DLP!R3 -> 10 | R4: =P4-Q4 -> 1 | S4: =AIO!P3 -> 36 | T4: =SUM(C4:D4)*8+E4*4 -> 44 | U4: =S4-T4 -> -8 | V4: =PAS!J3 -> 5 | W4: =SUM(C4:E4)*1 -> 6 | X4: =V4-W4 -> -1
A5: 3 | B5: Baba Bakala | C5: =VLOOKUP(B:B,Courts!B:C,2,FALSE) -> 4 | D5: =VLOOKUP(B:B,Courts!B:D,3,FALSE) -> 0 | E5: =VLOOKUP(B:B,Courts!B:E,4,FALSE) -> 1 | F5: =SUM(C5:E5) -> 5 | G5: =Scanners!L4 -> 5 | H5: =SUM(C5:E5)*1 -> 5 | I5: =G5-H5 -> 0 | J5: =DisBo!I4 -> 3 | K5: =SUM(C5:E5)*1 -> 5 | L5: =J5-K5 -> -2 | M5: =MFP!K4 -> 5 | N5: =SUM(C5:E5)*1 -> 5 | O5: =M5-N5 -> 0 | P5: =DLP!O4 -> 8 | Q5: =DLP!R4 -> 8 | R5: =P5-Q5 -> 0 | S5: =AIO!P4 -> 21 | T5: =SUM(C5:D5)*8+E5*4 -> 36 | U5: =S5-T5 -> -15 | V5: =PAS!J4 -> 2 | W5: =SUM(C5:E5)*1 -> 5 | X5: =V5-W5 -> -3
A6: 4 | B6: Barnala | C6: =VLOOKUP(B:B,Courts!B:C,2,FALSE) -> 11 | D6: =VLOOKUP(B:B,Courts!B:D,3,FALSE) -> 0 | E6: =VLOOKUP(B:B,Courts!B:E,4,FALSE) -> 0 | F6: =SUM(C6:E6) -> 11 | G6: =Scanners!L5 -> 17 | H6: =SUM(C6:E6)*1 -> 11 | I6: =G6-H6 -> 6 | J6: =DisBo!I5 -> 11 | K6: =SUM(C6:E6)*1 -> 11 | L6: =J6-K6 -> 0 | M6: =MFP!K5 -> 13 | N6: =SUM(C6:E6)*1 -> 11 | O6: =M6-N6 -> 2 | P6: =DLP!O5 -> 26 | Q6: =DLP!R5 -> 22 | R6: =P6-Q6 -> 4 | S6: =AIO!P5 -> 88 | T6: =SUM(C6:D6)*8+E6*4 -> 88 | U6: =S6-T6 -> 0 | V6: =PAS!J5 -> 11 | W6: =SUM(C6:E6)*1 -> 11 | X6: =V6-W6 -> 0
A7: 5 | B7: Bathinda | C7: =VLOOKUP(B:B,Courts!B:C,2,FALSE) -> 25 | D7: =VLOOKUP(B:B,Courts!B:D,3,FALSE) -> 0 | E7: =VLOOKUP(B:B,Courts!B:E,4,FALSE) -> 0 | F7: =SUM(C7:E7) -> 25 | G7: =Scanners!L6 -> 31 | H7: =SUM(C7:E7)*1 -> 25 | I7: =G7-H7 -> 6 | J7: =DisBo!I6 -> 20 | K7: =SUM(C7:E7)*1 -> 25 | L7: =J7-K7 -> -5 | M7: =MFP!K6 -> 28 | N7: =SUM(C7:E7)*1 -> 25 | O7: =M7-N7 -> 3 | P7: =DLP!O6 -> 54 | Q7: =DLP!R6 -> 50 | R7: =P7-Q7 -> 4 | S7: =AIO!P6 -> 168 | T7: =SUM(C7:D7)*8+E7*4 -> 200 | U7: =S7-T7 -> -32 | V7: =PAS!J6 -> 21 | W7: =SUM(C7:E7)*1 -> 25 | X7: =V7-W7 -> -4
A8: 6 | B8: Talwandi Sabo | C8: =VLOOKUP(B:B,Courts!B:C,2,FALSE) -> 6 | D8: =VLOOKUP(B:B,Courts!B:D,3,FALSE) -> 0 | E8: =VLOOKUP(B:B,Courts!B:E,4,FALSE) -> 1 | F8: =SUM(C8:E8) -> 7 | G8: =Scanners!L7 -> 7 | H8: =SUM(C8:E8)*1 -> 7 | I8: =G8-H8 -> 0 | J8: =DisBo!I7 -> 4 | K8: =SUM(C8:E8)*1 -> 7 | L8: =J8-K8 -> -3 | M8: =MFP!K7 -> 7 | N8: =SUM(C8:E8)*1 -> 7 | O8: =M8-N8 -> 0 | P8: =DLP!O7 -> 12 | Q8: =DLP!R7 -> 12 | R8: =P8-Q8 -> 0 | S8: =AIO!P7 -> 28 | T8: =SUM(C8:D8)*8+E8*4 -> 52 | U8: =S8-T8 -> -24 | V8: =PAS!J7 -> 4 | W8: =SUM(C8:E8)*1 -> 7 | X8: =V8-W8 -> -3
A9: 7 | B9: Phul | C9: =VLOOKUP(B:B,Courts!B:C,2,FALSE) -> 4 | D9: =VLOOKUP(B:B,Courts!B:D,3,FALSE) -> 0 | E9: =VLOOKUP(B:B,Courts!B:E,4,FALSE) -> 1 | F9: =SUM(C9:E9) -> 5 | G9: =Scanners!L8 -> 6 | H9: =SUM(C9:E9)*1 -> 5 | I9: =G9-H9 -> 1 | J9: =DisBo!I8 -> 3 | K9: =SUM(C9:E9)*1 -> 5 | L9: =J9-K9 -> -2 | M9: =MFP!K8 -> 6 | N9: =SUM(C9:E9)*1 -> 5 | O9: =M9-N9 -> 1 | P9: =DLP!O8 -> 10 | Q9: =DLP!R8 -> 8 | R9: =P9-Q9 -> 2 | S9: =AIO!P8 -> 21 | T9: =SUM(C9:D9)*8+E9*4 -> 36 | U9: =S9-T9 -> -15 | V9: =PAS!J8 -> 3 | W9: =SUM(C9:E9)*1 -> 5 | X9: =V9-W9 -> -2
A10: 8 | B10: Faridkot | C10: =VLOOKUP(B:B,Courts!B:C,2,FALSE) -> 12 | D10: =VLOOKUP(B:B,Courts!B:D,3,FALSE) -> 0 | E10: =VLOOKUP(B:B,Courts!B:E,4,FALSE) -> 0 | F10: =SUM(C10:E10) -> 12 | G10: =Scanners!L9 -> 14 | H10: =SUM(C10:E10)*1 -> 12 | I10: =G10-H10 -> 2 | J10: =DisBo!I9 -> 10 | K10: =SUM(C10:E10)*1 -> 12 | L10: =J10-K10 -> -2 | M10: =MFP!K9 -> 12 | N10: =SUM(C10:E10)*1 -> 12 | O10: =M10-N10 -> 0 | P10: =DLP!O9 -> 27 | Q10: =DLP!R9 -> 24 | R10: =P10-Q10 -> 3 | S10: =AIO!P9 -> 80 | T10: =SUM(C10:D10)*8+E10*4 -> 96 | U10: =S10-T10 -> -16 | V10: =PAS!J9 -> 11 | W10: =SUM(C10:E10)*1 -> 12 | X10: =V10-W10 -> -1
A11: 9 | B11: Jaitu | C11: =VLOOKUP(B:B,Courts!B:C,2,FALSE) -> 2 | D11: =VLOOKUP(B:B,Courts!B:D,3,FALSE) -> 0 | E11: =VLOOKUP(B:B,Courts!B:E,4,FALSE) -> 0 | F11: =SUM(C11:E11) -> 2 | G11: =Scanners!L10 -> 3 | H11: =SUM(C11:E11)*1 -> 2 | I11: =G11-H11 -> 1 | J11: =DisBo!I10 -> 1 | K11: =SUM(C11:E11)*1 -> 2 | L11: =J11-K11 -> -1 | M11: =MFP!K10 -> 2 | N11: =SUM(C11:E11)*1 -> 2 | O11: =M11-N11 -> 0 | P11: =DLP!O10 -> 4 | Q11: =DLP!R10 -> 4 | R11: =P11-Q11 -> 0 | S11: =AIO!P10 -> 8 | T11: =SUM(C11:D11)*8+E11*4 -> 16 | U11: =S11-T11 -> -8 | V11: =PAS!J10 -> 1 | W11: =SUM(C11:E11)*1 -> 2 | X11: =V11-W11 -> -1
A12: 10 | B12: Fatehgarh Sahib | C12: =VLOOKUP(B:B,Courts!B:C,2,FALSE) -> 11 | D12: =VLOOKUP(B:B,Courts!B:D,3,FALSE) -> 0 | E12: =VLOOKUP(B:B,Courts!B:E,4,FALSE) -> 0 | F12: =SUM(C12:E12) -> 11 | G12: =Scanners!L11 -> 14 | H12: =SUM(C12:E12)*1 -> 11 | I12: =G12-H12 -> 3 | J12: =DisBo!I11 -> 12 | K12: =SUM(C12:E12)*1 -> 11 | L12: =J12-K12 -> 1 | M12: =MFP!K11 -> 13 | N12: =SUM(C12:E12)*1 -> 11 | O12: =M12-N12 -> 2 | P12: =DLP!O11 -> 24 | Q12: =DLP!R11 -> 22 | R12: =P12-Q12 -> 2 | S12: =AIO!P11 -> 92 | T12: =SUM(C12:D12)*8+E12*4 -> 88 | U12: =S12-T12 -> 4 | V12: =PAS!J11 -> 12 | W12: =SUM(C12:E12)*1 -> 11 | X12: =V12-W12 -> 1
A13: 11 | B13: Amloh | C13: =VLOOKUP(B:B,Courts!B:C,2,FALSE) -> 4 | D13: =VLOOKUP(B:B,Courts!B:D,3,FALSE) -> 0 | E13: =VLOOKUP(B:B,Courts!B:E,4,FALSE) -> 1 | F13: =SUM(C13:E13) -> 5 | G13: =Scanners!L12 -> 6 | H13: =SUM(C13:E13)*1 -> 5 | I13: =G13-H13 -> 1 | J13: =DisBo!I12 -> 3 | K13: =SUM(C13:E13)*1 -> 5 | L13: =J13-K13 -> -2 | M13: =MFP!K12 -> 6 | N13: =SUM(C13:E13)*1 -> 5 | O13: =M13-N13 -> 1 | P13: =DLP!O12 -> 10 | Q13: =DLP!R12 -> 8 | R13: =P13-Q13 -> 2 | S13: =AIO!P12 -> 28 | T13: =SUM(C13:D13)*8+E13*4 -> 36 | U13: =S13-T13 -> -8 | V13: =PAS!J12 -> 3 | W13: =SUM(C13:E13)*1 -> 5 | X13: =V13-W13 -> -2
A14: 12 | B14: Khamanon | C14: =VLOOKUP(B:B,Courts!B:C,2,FALSE) -> 2 | D14: =VLOOKUP(B:B,Courts!B:D,3,FALSE) -> 0 | E14: =VLOOKUP(B:B,Courts!B:E,4,FALSE) -> 1 | F14: =SUM(C14:E14) -> 3 | G14: =Scanners!L13 -> 3 | H14: =SUM(C14:E14)*1 -> 3 | I14: =G14-H14 -> 0 | J14: =DisBo!I13 -> 3 | K14: =SUM(C14:E14)*1 -> 3 | L14: =J14-K14 -> 0 | M14: =MFP!K13 -> 3 | N14: =SUM(C14:E14)*1 -> 3 | O14: =M14-N14 -> 0 | P14: =DLP!O13 -> 4 | Q14: =DLP!R13 -> 4 | R14: =P14-Q14 -> 0 | S14: =AIO!P13 -> 20 | T14: =SUM(C14:D14)*8+E14*4 -> 20 | U14: =S14-T14 -> 0 | V14: =PAS!J13 -> 3 | W14: =SUM(C14:E14)*1 -> 3 | X14: =V14-W14 -> 0
... A132: 130 | B132: Bilaspur | C132: =VLOOKUP(B:B,Courts!B:C,2,FALSE) -> 4 | D132: =VLOOKUP(B:B,Courts!B:D,3,FALSE) -> 2 | E132: =VLOOKUP(B:B,Courts!B:E,4,FALSE) -> 1 | F132: =SUM(C132:E132) -> 7 | G132: =Scanners!L131 -> 4 | H132: =SUM(C132:E132)*1 -> 7 | I132: =G132-H132 -> -3 | J132: =DisBo!I131 -> 3 | K132: =SUM(C132:E132)*1 -> 7 | L132: =J132-K132 -> -4 | M132: =MFP!K131 -> 5 | N132: =SUM(C132:E132)*1 -> 7 | O132: =M132-N132 -> -2 | P132: =DLP!O131 -> 12 | Q132: =DLP!R131 -> 12 | R132: =P132-Q132 -> 0 | S132: =AIO!P131 -> 50 | T132: =SUM(C132:D132)*8+E132*4 -> 52 | U132: =S132-T132 -> -2 | V132: =PAS!J131 -> 5 | W132: =SUM(C132:E132)*1 -> 7 | X132: =V132-W132 -> -2
B134: Total | C134: =SUM(C3:C132) -> 1147 | D134: =SUM(D3:D132) -> 108 | E134: =SUM(E3:E132) -> 81 | F134: =SUM(F3:F132) -> 1336 | G134: =SUM(G3:G132) -> 1424 | H134: =SUM(H3:H132) -> 1336 | I134: =SUM(I3:I132) -> 88 | J134: =SUM(J3:J132) -> 1059 | ... X134: =SUM(X3:X132) -> -145
A136: 1 | B136: Punjab | C136: =SUM(C3:C70) -> 640 | D136: =SUM(D3:D70) -> 0 | E136: =SUM(E3:E70) -> 45 | F136: =SUM(F3:F70) -> 685 | G136: =SUM(G3:G70) -> 786 | H136: =SUM(H3:H70) -> 685 | I136: =SUM(I3:I70) -> 101 | J136: =SUM(J3:J70) -> 572 | ... X136: =SUM(X3:X70) -> -102
A137: 2 | B137: Haryana | C137: =SUM(C72:C132) -> 479 | D137: =SUM(D72:D132) -> 108 | E137: =SUM(E72:E132) -> 36 | F137: =SUM(F72:F132) -> 623 | G137: =SUM(G72:G132) -> 602 | H137: =SUM(H72:H132) -> 623 | I137: =SUM(I72:I132) -> -21 | J137: =SUM(J72:J132) -> 456 | ... X137: =SUM(X72:X132) -> -46
A138: 3 | B138: Chandigarh | C138: =C71 -> 28 | D138: =D71 -> 0 | E138: =E71 -> 0 | F138: =F71 -> 28 | G138: =G71 -> 36 | H138: =H71 -> 28 | I138: =I71 -> 8 | J138: =J71 -> 31 | ... X138: =X71 -> 3
B139: Total | C139: =SUM(C136:C138) -> 1147 | D139: =SUM(D136:D138) -> 108 | E139: =SUM(E136:E138) -> 81 | F139: =SUM(F136:F138) -> 1336 | G139: =SUM(G136:G138) -> 1424 | H139: =SUM(H136:H138) -> 1336 | I139: =SUM(I136:I138) -> 88 | J139: =SUM(J136:J138) -> 1059 | ... X139: =SUM(X136:X138) -> -145

Sheet Tooli
A1: State | B1: Session_Division | C1: Location_Name | D1: Location_Type | E1: Courts_Count | F1: Family_Courts | G1: TJOs | H1: Total_Courts | I1: Hardware_Item | J1: Required_Qty | K1: Distributed_Qty | L1: Balance_Qty | M1: Status | N1: Remarks
A2: Punjab | B2: Amritsar | C2: Amritsar | D2: Session | E2: =VLOOKUP(C:C,Courts!B:C,2,FALSE) -> 48 | F2: =VLOOKUP(C:C,Courts!B:E,4,FALSE) -> 0 | G2: =VLOOKUP(C:C,Courts!B:D,3,FALSE) -> 0 | H2: =VLOOKUP(C:C,Courts!B:F,5,FALSE) -> 48 | I2: Scanners | J2: =VLOOKUP(C:C,TooliD!B:H,7,FALSE) -> 48 | K2: =VLOOKUP(C:C,TooliD!B:G,6,FALSE) -> 51 | L2: =K2-J2 -> 3 | M2: =IF(L2=0,"OK", IF(L2>0,"Surplus","Shortfall")) -> Surplus
A3: Punjab | B3: Amritsar | C3: Amritsar | D3: Session | E3: =VLOOKUP(C:C,Courts!B:C,2,FALSE) -> 48 | F3: =VLOOKUP(C:C,Courts!B:E,4,FALSE) -> 0 | G3: =VLOOKUP(C:C,Courts!B:D,3,FALSE) -> 0 | H3: =VLOOKUP(C:C,Courts!B:F,5,FALSE) -> 48 | I3: Display Board | J3: =VLOOKUP(C:C,TooliD!B:K,7,FALSE) -> 48 | K3: =VLOOKUP(C:C,TooliD!B:J,9,FALSE) -> 35 | L3: =K3-J3 -> -13 | M3: =IF(L3=0,"OK", IF(L3>0,"Surplus","Shortfall")) -> Shortfall
A4: Punjab | B4: Amritsar | C4: Amritsar | D4: Session | E4: =VLOOKUP(C:C,Courts!B:C,2,FALSE) -> 48 | F4: =VLOOKUP(C:C,Courts!B:E,4,FALSE) -> 0 | G4: =VLOOKUP(C:C,Courts!B:D,3,FALSE) -> 0 | H4: =VLOOKUP(C:C,Courts!B:F,5,FALSE) -> 48 | I4: MFP | J4: =VLOOKUP(C:C,TooliD!B:N,13,FALSE) -> 48 | K4: =VLOOKUP(C:C,TooliD!B:M,12,FALSE) -> 46 | L4: =K4-J4 -> -2 | M4: =IF(L4=0,"OK", IF(L4>0,"Surplus","Shortfall")) -> Shortfall
A5: Punjab | B5: Amritsar | C5: Amritsar | D5: Session | E5: =VLOOKUP(C:C,Courts!B:C,2,FALSE) -> 48 | F5: =VLOOKUP(C:C,Courts!B:E,4,FALSE) -> 0 | G5: =VLOOKUP(C:C,Courts!B:D,3,FALSE) -> 0 | H5: =VLOOKUP(C:C,Courts!B:F,5,FALSE) -> 48 | I5: DLP | J5: =VLOOKUP(C:C,TooliD!B:Q,16,FALSE) -> 96 | K5: =VLOOKUP(C:C,TooliD!B:P,15,FALSE) -> 90 | L5: =K5-J5 -> -6 | M5: =IF(L5=0,"OK", IF(L5>0,"Surplus","Shortfall")) -> Shortfall
A6: Punjab | B6: Amritsar | C6: Amritsar | D6: Session | E6: =VLOOKUP(C:C,Courts!B:C,2,FALSE) -> 48 | F6: =VLOOKUP(C:C,Courts!B:E,4,FALSE) -> 0 | G6: =VLOOKUP(C:C,Courts!B:D,3,FALSE) -> 0 | H6: =VLOOKUP(C:C,Courts!B:F,5,FALSE) -> 48 | I6: AIO | J6: =VLOOKUP(C:C,TooliD!B:T,19,FALSE) -> 384 | K6: =VLOOKUP(C:C,TooliD!B:S,18,FALSE) -> 280 | L6: =K6-J6 -> -104 | M6: =IF(L6=0,"OK", IF(L6>0,"Surplus","Shortfall")) -> Shortfall
A7: Punjab | B7: Amritsar | C7: Amritsar | D7: Session | E7: =VLOOKUP(C:C,Courts!B:C,2,FALSE) -> 48 | F7: =VLOOKUP(C:C,Courts!B:E,4,FALSE) -> 0 | G7: =VLOOKUP(C:C,Courts!B:D,3,FALSE) -> 0 | H7: =VLOOKUP(C:C,Courts!B:F,5,FALSE) -> 48 | I7: PAS | J7: =VLOOKUP(C:C,TooliD!B:W,22,FALSE) -> 48 | K7: =VLOOKUP(C:C,TooliD!B:V,21,FALSE) -> 35 | L7: =K7-J7 -> -13 | M7: =IF(L7=0,"OK", IF(L7>0,"Surplus","Shortfall")) -> Shortfall
A8: Punjab | B8: Amritsar | C8: Ajnala | D8: SubDivision | E8: =VLOOKUP(C:C,Courts!B:C,2,FALSE) -> 5 | F8: =VLOOKUP(C:C,Courts!B:E,4,FALSE) -> 1 | G8: =VLOOKUP(C:C,Courts!B:D,3,FALSE) -> 0 | H8: =VLOOKUP(C:C,Courts!B:F,5,FALSE) -> 6 | I8: Scanners | J8: =VLOOKUP(C:C,TooliD!B:H,7,FALSE) -> 6 | K8: =VLOOKUP(C:C,TooliD!B:G,6,FALSE) -> 6 | L8: =K8-J8 -> 0 | M8: =IF(L8=0,"OK", IF(L8>0,"Surplus","Shortfall")) -> OK
A9: Punjab | B9: Amritsar | C9: Ajnala | D9: SubDivision | E9: =VLOOKUP(C:C,Courts!B:C,2,FALSE) -> 5 | F9: =VLOOKUP(C:C,Courts!B:E,4,FALSE) -> 1 | G9: =VLOOKUP(C:C,Courts!B:D,3,FALSE) -> 0 | H9: =VLOOKUP(C:C,Courts!B:F,5,FALSE) -> 6 | I9: Display Board | J9: =VLOOKUP(C:C,TooliD!B:K,7,FALSE) -> 6 | K9: =VLOOKUP(C:C,TooliD!B:J,9,FALSE) -> 5 | L9: =K9-J9 -> -1 | M9: =IF(L9=0,"OK", IF(L9>0,"Surplus","Shortfall")) -> Shortfall
A10: Punjab | B10: Amritsar | C10: Ajnala | D10: SubDivision | E10: =VLOOKUP(C:C,Courts!B:C,2,FALSE) -> 5 | F10: =VLOOKUP(C:C,Courts!B:E,4,FALSE) -> 1 | G10: =VLOOKUP(C:C,Courts!B:D,3,FALSE) -> 0 | H10: =VLOOKUP(C:C,Courts!B:F,5,FALSE) -> 6 | I10: MFP | J10: =VLOOKUP(C:C,TooliD!B:N,13,FALSE) -> 6 | K10: =VLOOKUP(C:C,TooliD!B:M,12,FALSE) -> 6 | L10: =K10-J10 -> 0 | M10: =IF(L10=0,"OK", IF(L10>0,"Surplus","Shortfall")) -> OK
A11: Punjab | B11: Amritsar | C11: Ajnala | D11: SubDivision | E11: =VLOOKUP(C:C,Courts!B:C,2,FALSE) -> 5 | F11: =VLOOKUP(C:C,Courts!B:E,4,FALSE) -> 1 | G11: =VLOOKUP(C:C,Courts!B:D,3,FALSE) -> 0 | H11: =VLOOKUP(C:C,Courts!B:F,5,FALSE) -> 6 | I11: DLP | J11: =VLOOKUP(C:C,TooliD!B:Q,16,FALSE) -> 10 | K11: =VLOOKUP(C:C,TooliD!B:P,15,FALSE) -> 11 | L11: =K11-J11 -> 1 | M11: =IF(L11=0,"OK", IF(L11>0,"Surplus","Shortfall")) -> Surplus
A12: Punjab | B12: Amritsar | C12: Ajnala | D12: SubDivision | E12: =VLOOKUP(C:C,Courts!B:C,2,FALSE) -> 5 | F12: =VLOOKUP(C:C,Courts!B:E,4,FALSE) -> 1 | G12: =VLOOKUP(C:C,Courts!B:D,3,FALSE) -> 0 | H12: =VLOOKUP(C:C,Courts!B:F,5,FALSE) -> 6 | I12: AIO | J12: =VLOOKUP(C:C,TooliD!B:T,19,FALSE) -> 44 | K12: =VLOOKUP(C:C,TooliD!B:S,18,FALSE) -> 36 | L12: =K12-J12 -> -8 | M12: =IF(L12=0,"OK", IF(L12>0,"Surplus","Shortfall")) -> Shortfall
A13: Punjab | B13: Amritsar | C13: Ajnala | D13: SubDivision | E13: =VLOOKUP(C:C,Courts!B:C,2,FALSE) -> 5 | F13: =VLOOKUP(C:C,Courts!B:E,4,FALSE) -> 1 | G13: =VLOOKUP(C:C,Courts!B:D,3,FALSE) -> 0 | H13: =VLOOKUP(C:C,Courts!B:F,5,FALSE) -> 6 | I13: PAS | J13: =VLOOKUP(C:C,TooliD!B:W,22,FALSE) -> 6 | K13: =VLOOKUP(C:C,TooliD!B:V,21,FALSE) -> 5 | L13: =K13-J13 -> -1 | M13: =IF(L13=0,"OK", IF(L13>0,"Surplus","Shortfall")) -> Shortfall
A14: Punjab | B14: Amritsar | C14: Baba Bakala | D14: SubDivision | E14: =VLOOKUP(C:C,Courts!B:C,2,FALSE) -> 4 | F14: =VLOOKUP(C:C,Courts!B:E,4,FALSE) -> 1 | G14: =VLOOKUP(C:C,Courts!B:D,3,FALSE) -> 0 | H14: =VLOOKUP(C:C,Courts!B:F,5,FALSE) -> 5 | I14: Scanners | J14: =VLOOKUP(C:C,TooliD!B:H,7,FALSE) -> 5 | K14: =VLOOKUP(C:C,TooliD!B:G,6,FALSE) -> 5 | L14: =K14-J14 -> 0 | M14: =IF(L14=0,"OK", IF(L14>0,"Surplus","Shortfall")) -> OK
A15: Punjab | B15: Amritsar | C15: Baba Bakala | D15: SubDivision | E15: =VLOOKUP(C:C,Courts!B:C,2,FALSE) -> 4 | F15: =VLOOKUP(C:C,Courts!B:E,4,FALSE) -> 1 | G15: =VLOOKUP(C:C,Courts!B:D,3,FALSE) -> 0 | H15: =VLOOKUP(C:C,Courts!B:F,5,FALSE) -> 5 | I15: Display Board | J15: =VLOOKUP(C:C,TooliD!B:K,7,FALSE) -> 5 | K15: =VLOOKUP(C:C,TooliD!B:J,9,FALSE) -> 3 | L15: =K15-J15 -> -2 | M15: =IF(L15=0,"OK", IF(L15>0,"Surplus","Shortfall")) -> Shortfall
A16: Punjab | B16: Amritsar | C16: Baba Bakala | D16: SubDivision | E16: =VLOOKUP(C:C,Courts!B:C,2,FALSE) -> 4 | F16: =VLOOKUP(C:C,Courts!B:E,4,FALSE) -> 1 | G16: =VLOOKUP(C:C,Courts!B:D,3,FALSE) -> 0 | H16: =VLOOKUP(C:C,Courts!B:F,5,FALSE) -> 5 | I16: MFP | J16: =VLOOKUP(C:C,TooliD!B:N,13,FALSE) -> 5 | K16: =VLOOKUP(C:C,TooliD!B:M,12,FALSE) -> 5 | L16: =K16-J16 -> 0 | M16: =IF(L16=0,"OK", IF(L16>0,"Surplus","Shortfall")) -> OK
A17: Punjab | B17: Amritsar | C17: Baba Bakala | D17: SubDivision | E17: =VLOOKUP(C:C,Courts!B:C,2,FALSE) -> 4 | F17: =VLOOKUP(C:C,Courts!B:E,4,FALSE) -> 1 | G17: =VLOOKUP(C:C,Courts!B:D,3,FALSE) -> 0 | H17: =VLOOKUP(C:C,Courts!B:F,5,FALSE) -> 5 | I17: DLP | J17: =VLOOKUP(C:C,TooliD!B:Q,16,FALSE) -> 8 | K17: =VLOOKUP(C:C,TooliD!B:P,15,FALSE) -> 8 | L17: =K17-J17 -> 0 | M17: =IF(L17=0,"OK", IF(L17>0,"Surplus","Shortfall")) -> OK
A18: Punjab | B18: Amritsar | C18: Baba Bakala | D18: SubDivision | E18: =VLOOKUP(C:C,Courts!B:C,2,FALSE) -> 4 | F18: =VLOOKUP(C:C,Courts!B:E,4,FALSE) -> 1 | G18: =VLOOKUP(C:C,Courts!B:D,3,FALSE) -> 0 | H18: =VLOOKUP(C:C,Courts!B:F,5,FALSE) -> 5 | I18: AIO | J18: =VLOOKUP(C:C,TooliD!B:T,19,FALSE) -> 36 | K18: =VLOOKUP(C:C,TooliD!B:S,18,FALSE) -> 21 | L18: =K18-J18 -> -15 | M18: =IF(L18=0,"OK", IF(L18>0,"Surplus","Shortfall")) -> Shortfall
A19: Punjab | B19: Amritsar | C19: Baba Bakala | D19: SubDivision | E19: =VLOOKUP(C:C,Courts!B:C,2,FALSE) -> 4 | F19: =VLOOKUP(C:C,Courts!B:E,4,FALSE) -> 1 | G19: =VLOOKUP(C:C,Courts!B:D,3,FALSE) -> 0 | H19: =VLOOKUP(C:C,Courts!B:F,5,FALSE) -> 5 | I19: PAS | J19: =VLOOKUP(C:C,TooliD!B:W,22,FALSE) -> 5 | K19: =VLOOKUP(C:C,TooliD!B:V,21,FALSE) -> 2 | L19: =K19-J19 -> -3 | M19: =IF(L19=0,"OK", IF(L19>0,"Surplus","Shortfall")) -> Shortfall
A20: Punjab | B20: Barnala | C20: Barnala | D20: Session | E20: =VLOOKUP(C:C,Courts!B:C,2,FALSE) -> 11 | F20: =VLOOKUP(C:C,Courts!B:E,4,FALSE) -> 0 | G20: =VLOOKUP(C:C,Courts!B:D,3,FALSE) -> 0 | H20: =VLOOKUP(C:C,Courts!B:F,5,FALSE) -> 11 | I20: Scanners | J20: =VLOOKUP(C:C,TooliD!B:H,7,FALSE) -> 11 | K20: =VLOOKUP(C:C,TooliD!B:G,6,FALSE) -> 17 | L20: =K20-J20 -> 6 | M20: =IF(L20=0,"OK", IF(L20>0,"Surplus","Shortfall")) -> Surplus
A21: Punjab | B21: Barnala | C21: Barnala | D21: Session | E21: =VLOOKUP(C:C,Courts!B:C,2,FALSE) -> 11 | F21: =VLOOKUP(C:C,Courts!B:E,4,FALSE) -> 0 | G21: =VLOOKUP(C:C,Courts!B:D,3,FALSE) -> 0 | H21: =VLOOKUP(C:C,Courts!B:F,5,FALSE) -> 11 | I21: Display Board | J21: =VLOOKUP(C:C,TooliD!B:K,7,FALSE) -> 11 | K21: =VLOOKUP(C:C,TooliD!B:J,9,FALSE) -> 11 | L21: =K21-J21 -> 0 | M21: =IF(L21=0,"OK", IF(L21>0,"Surplus","Shortfall")) -> OK
A22: Punjab | B22: Barnala | C22: Barnala | D22: Session | E22: =VLOOKUP(C:C,Courts!B:C,2,FALSE) -> 11 | F22: =VLOOKUP(C:C,Courts!B:E,4,FALSE) -> 0 | G22: =VLOOKUP(C:C,Courts!B:D,3,FALSE) -> 0 | H22: =VLOOKUP(C:C,Courts!B:F,5,FALSE) -> 11 | I22: MFP | J22: =VLOOKUP(C:C,TooliD!B:N,13,FALSE) -> 11 | K22: =VLOOKUP(C:C,TooliD!B:M,12,FALSE) -> 13 | L22: =K22-J22 -> 2 | M22: =IF(L22=0,"OK", IF(L22>0,"Surplus","Shortfall")) -> Surplus
A23: Punjab | B23: Barnala | C23: Barnala | D23: Session | E23: =VLOOKUP(C:C,Courts!B:C,2,FALSE) -> 11 | F23: =VLOOKUP(C:C,Courts!B:E,4,FALSE) -> 0 | G23: =VLOOKUP(C:C,Courts!B:D,3,FALSE) -> 0 | H23: =VLOOKUP(C:C,Courts!B:F,5,FALSE) -> 11 | I23: DLP | J23: =VLOOKUP(C:C,TooliD!B:Q,16,FALSE) -> 22 | K23: =VLOOKUP(C:C,TooliD!B:P,15,FALSE) -> 26 | L23: =K23-J23 -> 4 | M23: =IF(L23=0,"OK", IF(L23>0,"Surplus","Shortfall")) -> Surplus
A24: Punjab | B24: Barnala | C24: Barnala | D24: Session | E24: =VLOOKUP(C:C,Courts!B:C,2,FALSE) -> 11 | F24: =VLOOKUP(C:C,Courts!B:E,4,FALSE) -> 0 | G24: =VLOOKUP(C:C,Courts!B:D,3,FALSE) -> 0 | H24: =VLOOKUP(C:C,Courts!B:F,5,FALSE) -> 11 | I24: AIO | J24: =VLOOKUP(C:C,TooliD!B:T,19,FALSE) -> 88 | K24: =VLOOKUP(C:C,TooliD!B:S,18,FALSE) -> 88 | L24: =K24-J24 -> 0 | M24: =IF(L24=0,"OK", IF(L24>0,"Surplus","Shortfall")) -> OK
A25: Punjab | B25: Barnala | C25: Barnala | D25: Session | E25: =VLOOKUP(C:C,Courts!B:C,2,FALSE) -> 11 | F25: =VLOOKUP(C:C,Courts!B:E,4,FALSE) -> 0 | G25: =VLOOKUP(C:C,Courts!B:D,3,FALSE) -> 0 | H25: =VLOOKUP(C:C,Courts!B:F,5,FALSE) -> 11 | I25: PAS | J25: =VLOOKUP(C:C,TooliD!B:W,22,FALSE) -> 11 | K25: =VLOOKUP(C:C,TooliD!B:V,21,FALSE) -> 11 | L25: =K25-J25 -> 0 | M25: =IF(L25=0,"OK", IF(L25>0,"Surplus","Shortfall")) -> OK
A26: Punjab | B26: Bathinda | C26: Bathinda | D26: Session | E26: =VLOOKUP(C:C,Courts!B:C,2,FALSE) -> 25 | F26: =VLOOKUP(C:C,Courts!B:E,4,FALSE) -> 0 | G26: =VLOOKUP(C:C,Courts!B:D,3,FALSE) -> 0 | H26: =VLOOKUP(C:C,Courts!B:F,5,FALSE) -> 25 | I26: Scanners | J26: =VLOOKUP(C:C,TooliD!B:H,7,FALSE) -> 25 | K26: =VLOOKUP(C:C,TooliD!B:G,6,FALSE) -> 31 | L26: =K26-J26 -> 6 | M26: =IF(L26=0,"OK", IF(L26>0,"Surplus","Shortfall")) -> Surplus
A27: Punjab | B27: Bathinda | C27: Bathinda | D27: Session | E27: =VLOOKUP(C:C,Courts!B:C,2,FALSE) -> 25 | F27: =VLOOKUP(C:C,Courts!B:E,4,FALSE) -> 0 | G27: =VLOOKUP(C:C,Courts!B:D,3,FALSE) -> 0 | H27: =VLOOKUP(C:C,Courts!B:F,5,FALSE) -> 25 | I27: Display Board | J27: =VLOOKUP(C:C,TooliD!B:K,7,FALSE) -> 25 | K27: =VLOOKUP(C:C,TooliD!B:J,9,FALSE) -> 20 | L27: =K27-J27 -> -5 | M27: =IF(L27=0,"OK", IF(L27>0,"Surplus","Shortfall")) -> Shortfall
A28: Punjab | B28: Bathinda | C28: Bathinda | D28: Session | E28: =VLOOKUP(C:C,Courts!B:C,2,FALSE) -> 25 | F28: =VLOOKUP(C:C,Courts!B:E,4,FALSE) -> 0 | G28: =VLOOKUP(C:C,Courts!B:D,3,FALSE) -> 0 | H28: =VLOOKUP(C:C,Courts!B:F,5,FALSE) -> 25 | I28: MFP | J28: =VLOOKUP(C:C,TooliD!B:N,13,FALSE) -> 25 | K28: =VLOOKUP(C:C,TooliD!B:M,12,FALSE) -> 28 | L28: =K28-J28 -> 3 | M28: =IF(L28=0,"OK", IF(L28>0,"Surplus","Shortfall")) -> Surplus
A29: Punjab | B29: Bathinda | C29: Bathinda | D29: Session | E29: =VLOOKUP(C:C,Courts!B:C,2,FALSE) -> 25 | F29: =VLOOKUP(C:C,Courts!B:E,4,FALSE) -> 0 | G29: =VLOOKUP(C:C,Courts!B:D,3,FALSE) -> 0 | H29: =VLOOKUP(C:C,Courts!B:F,5,FALSE) -> 25 | I29: DLP | J29: =VLOOKUP(C:C,TooliD!B:Q,16,FALSE) -> 50 | K29: =VLOOKUP(C:C,TooliD!B:P,15,FALSE) -> 54 | L29: =K29-J29 -> 4 | M29: =IF(L29=0,"OK", IF(L29>0,"Surplus","Shortfall")) -> Surplus
A30: Punjab | B30: Bathinda | C30: Bathinda | D30: Session | E30: =VLOOKUP(C:C,Courts!B:C,2,FALSE) -> 25 | F30: =VLOOKUP(C:C,Courts!B:E,4,FALSE) -> 0 | G30: =VLOOKUP(C:C,Courts!B:D,3,FALSE) -> 0 | H30: =VLOOKUP(C:C,Courts!B:F,5,FALSE) -> 25 | I30: AIO | J30: =VLOOKUP(C:C,TooliD!B:T,19,FALSE) -> 200 | K30: =VLOOKUP(C:C,TooliD!B:S,18,FALSE) -> 168 | L30: =K30-J30 -> -32 | M30: =IF(L30=0,"OK", IF(L30>0,"Surplus","Shortfall")) -> Shortfall
A31: Punjab | B31: Bathinda | C31: Bathinda | D31: Session | E31: =VLOOKUP(C:C,Courts!B:C,2,FALSE) -> 25 | F31: =VLOOKUP(C:C,Courts!B:E,4,FALSE) -> 0 | G31: =VLOOKUP(C:C,Courts!B:D,3,FALSE) -> 0 | H31: =VLOOKUP(C:C,Courts!B:F,5,FALSE) -> 25 | I31: PAS | J31: =VLOOKUP(C:C,TooliD!B:W,22,FALSE) -> 25 | K31: =VLOOKUP(C:C,TooliD!B:V,21,FALSE) -> 21 | L31: =K31-J31 -> -4 | M31: =IF(L31=0,"OK", IF(L31>0,"Surplus","Shortfall")) -> Shortfall
A32: Punjab | B32: Bathinda | C32: Talwandi Sabo | D32: SubDivision | E32: =VLOOKUP(C:C,Courts!B:C,2,FALSE) -> 6 | F32: =VLOOKUP(C:C,Courts!B:E,4,FALSE) -> 1 | G32: =VLOOKUP(C:C,Courts!B:D,3,FALSE) -> 0 | H32: =VLOOKUP(C:C,Courts!B:F,5,FALSE) -> 7 | I32: Scanners | J32: =VLOOKUP(C:C,TooliD!B:H,7,FALSE) -> 7 | K32: =VLOOKUP(C:C,TooliD!B:G,6,FALSE) -> 7 | L32: =K32-J32 -> 0 | M32: =IF(L32=0,"OK", IF(L32>0,"Surplus","Shortfall")) -> OK
A33: Punjab | B33: Bathinda | C33: Talwandi Sabo | D33: SubDivision | E33: =VLOOKUP(C:C,Courts!B:C,2,FALSE) -> 6 | F33: =VLOOKUP(C:C,Courts!B:E,4,FALSE) -> 1 | G33: =VLOOKUP(C:C,Courts!B:D,3,FALSE) -> 0 | H33: =VLOOKUP(C:C,Courts!B:F,5,FALSE) -> 7 | I33: Display Board | J33: =VLOOKUP(C:C,TooliD!B:K,7,FALSE) -> 7 | K33: =VLOOKUP(C:C,TooliD!B:J,9,FALSE) -> 4 | L33: =K33-J33 -> -3 | M33: =IF(L33=0,"OK", IF(L33>0,"Surplus","Shortfall")) -> Shortfall
A34: Punjab | B34: Bathinda | C34: Talwandi Sabo | D34: SubDivision | E34: =VLOOKUP(C:C,Courts!B:C,2,FALSE) -> 6 | F34: =VLOOKUP(C:C,Courts!B:E,4,FALSE) -> 1 | G34: =VLOOKUP(C:C,Courts!B:D,3,FALSE) -> 0 | H34: =VLOOKUP(C:C,Courts!B:F,5,FALSE) -> 7 | I34: MFP | J34: =VLOOKUP(C:C,TooliD!B:N,13,FALSE) -> 7 | K34: =VLOOKUP(C:C,TooliD!B:M,12,FALSE) -> 7 | L34: =K34-J34 -> 0 | M34: =IF(L34=0,"OK", IF(L34>0,"Surplus","Shortfall")) -> OK
A35: Punjab | B35: Bathinda | C35: Talwandi Sabo | D35: SubDivision | E35: =VLOOKUP(C:C,Courts!B:C,2,FALSE) -> 6 | F35: =VLOOKUP(C:C,Courts!B:E,4,FALSE) -> 1 | G35: =VLOOKUP(C:C,Courts!B:D,3,FALSE) -> 0 | H35: =VLOOKUP(C:C,Courts!B:F,5,FALSE) -> 7 | I35: DLP | J35: =VLOOKUP(C:C,TooliD!B:Q,16,FALSE) -> 12 | K35: =VLOOKUP(C:C,TooliD!B:P,15,FALSE) -> 12 | L35: =K35-J35 -> 0 | M35: =IF(L35=0,"OK", IF(L35>0,"Surplus","Shortfall")) -> OK
A36: Punjab | B36: Bathinda | C36: Talwandi Sabo | D36: SubDivision | E36: =VLOOKUP(C:C,Courts!B:C,2,FALSE) -> 6 | F36: =VLOOKUP(C:C,Courts!B:E,4,FALSE) -> 1 | G36: =VLOOKUP(C:C,Courts!B:D,3,FALSE) -> 0 | H36: =VLOOKUP(C:C,Courts!B:F,5,FALSE) -> 7 | I36: AIO | J36: =VLOOKUP(C:C,TooliD!B:T,19,FALSE) -> 52 | K36: =VLOOKUP(C:C,TooliD!B:S,18,FALSE) -> 28 | L36: =K36-J36 -> -24 | M36: =IF(L36=0,"OK", IF(L36>0,"Surplus","Shortfall")) -> Shortfall
A37: Punjab | B37: Bathinda | C37: Talwandi Sabo | D37: SubDivision | E37: =VLOOKUP(C:C,Courts!B:C,2,FALSE) -> 6 | F37: =VLOOKUP(C:C,Courts!B:E,4,FALSE) -> 1 | G37: =VLOOKUP(C:C,Courts!B:D,3,FALSE) -> 0 | H37: =VLOOKUP(C:C,Courts!B:F,5,FALSE) -> 7 | I37: PAS | J37: =VLOOKUP(C:C,TooliD!B:W,22,FALSE) -> 7 | K37: =VLOOKUP(C:C,TooliD!B:V,21,FALSE) -> 4 | L37: =K37-J37 -> -3 | M37: =IF(L37=0,"OK", IF(L37>0,"Surplus","Shortfall")) -> Shortfall
A38: Punjab | B38: Bathinda | C38: Phul | D38: SubDivision | E38: =VLOOKUP(C:C,Courts!B:C,2,FALSE) -> 4 | F38: =VLOOKUP(C:C,Courts!B:E,4,FALSE) -> 1 | G38: =VLOOKUP(C:C,Courts!B:D,3,FALSE) -> 0 | H38: =VLOOKUP(C:C,Courts!B:F,5,FALSE) -> 5 | I38: Scanners | J38: =VLOOKUP(C:C,TooliD!B:H,7,FALSE) -> 5 | K38: =VLOOKUP(C:C,TooliD!B:G,6,FALSE) -> 6 | L38: =K38-J38 -> 1 | M38: =IF(L38=0,"OK", IF(L38>0,"Surplus","Shortfall")) -> Surplus
A39: Punjab | B39: Bathinda | C39: Phul | D39: SubDivision | E39: =VLOOKUP(C:C,Courts!B:C,2,FALSE) -> 4 | F39: =VLOOKUP(C:C,Courts!B:E,4,FALSE) -> 1 | G39: =VLOOKUP(C:C,Courts!B:D,3,FALSE) -> 0 | H39: =VLOOKUP(C:C,Courts!B:F,5,FALSE) -> 5 | I39: Display Board | J39: =VLOOKUP(C:C,TooliD!B:K,7,FALSE) -> 5 | K39: =VLOOKUP(C:C,TooliD!B:J,9,FALSE) -> 3 | L39: =K39-J39 -> -2 | M39: =IF(L39=0,"OK", IF(L39>0,"Surplus","Shortfall")) -> Shortfall
A40: Punjab | B40: Bathinda | C40: Phul | D40: SubDivision | E40: =VLOOKUP(C:C,Courts!B:C,2,FALSE) -> 4 | F40: =VLOOKUP(C:C,Courts!B:E,4,FALSE) -> 1 | G40: =VLOOKUP(C:C,Courts!B:D,3,FALSE) -> 0 | H40: =VLOOKUP(C:C,Courts!B:F,5,FALSE) -> 5 | I40: MFP | J40: =VLOOKUP(C:C,TooliD!B:N,13,FALSE) -> 5 | K40: =VLOOKUP(C:C,TooliD!B:M,12,FALSE) -> 6 | L40: =K40-J40 -> 1 | M40: =IF(L40=0,"OK", IF(L40>0,"Surplus","Shortfall")) -> Surplus
A41: Punjab | B41: Bathinda | C41: Phul | D41: SubDivision | E41: =VLOOKUP(C:C,Courts!B:C,2,FALSE) -> 4 | F41: =VLOOKUP(C:C,Courts!B:E,4,FALSE) -> 1 | G41: =VLOOKUP(C:C,Courts!B:D,3,FALSE) -> 0 | H41: =VLOOKUP(C:C,Courts!B:F,5,FALSE) -> 5 | I41: DLP | J41: =VLOOKUP(C:C,TooliD!B:Q,16,FALSE) -> 8 | K41: =VLOOKUP(C:C,TooliD!B:P,15,FALSE) -> 10 | L41: =K41-J41 -> 2 | M41: =IF(L41=0,"OK", IF(L41>0,"Surplus","Shortfall")) -> Surplus
A42: Punjab | B42: Bathinda | C42: Phul | D42: SubDivision | E42: =VLOOKUP(C:C,Courts!B:C,2,FALSE) -> 4 | F42: =VLOOKUP(C:C,Courts!B:E,4,FALSE) -> 1 | G42: =VLOOKUP(C:C,Courts!B:D,3,FALSE) -> 0 | H42: =VLOOKUP(C:C,Courts!B:F,5,FALSE) -> 5 | I42: AIO | J42: =VLOOKUP(C:C,TooliD!B:T,19,FALSE) -> 36 | K42: =VLOOKUP(C:C,TooliD!B:S,18,FALSE) -> 21 | L42: =K42-J42 -> -15 | M42: =IF(L42=0,"OK", IF(L42>0,"Surplus","Shortfall")) -> Shortfall
A43: Punjab | B43: Bathinda | C43: Phul | D43: SubDivision | E43: =VLOOKUP(C:C,Courts!B:C,2,FALSE) -> 4 | F43: =VLOOKUP(C:C,Courts!B:E,4,FALSE) -> 1 | G43: =VLOOKUP(C:C,Courts!B:D,3,FALSE) -> 0 | H43: =VLOOKUP(C:C,Courts!B:F,5,FALSE) -> 5 | I43: PAS | J43: =VLOOKUP(C:C,TooliD!B:W,22,FALSE) -> 5 | K43: =VLOOKUP(C:C,TooliD!B:V,21,FALSE) -> 3 | L43: =K43-J43 -> -2 | M43: =IF(L43=0,"OK", IF(L43>0,"Surplus","Shortfall")) -> Shortfall
A44: Punjab | B44: Faridkot | C44: Faridkot | D44: Session | E44: =VLOOKUP(C:C,Courts!B:C,2,FALSE) -> 12 | F44: =VLOOKUP(C:C,Courts!B:E,4,FALSE) -> 0 | G44: =VLOOKUP(C:C,Courts!B:D,3,FALSE) -> 0 | H44: =VLOOKUP(C:C,Courts!B:F,5,FALSE) -> 12 | I44: Scanners | J44: =VLOOKUP(C:C,TooliD!B:H,7,FALSE) -> 12 | K44: =VLOOKUP(C:C,TooliD!B:G,6,FALSE) -> 14 | L44: =K44-J44 -> 2 | M44: =IF(L44=0,"OK", IF(L44>0,"Surplus","Shortfall")) -> Surplus
A45: Punjab | B45: Faridkot | C45: Faridkot | D45: Session | E45: =VLOOKUP(C:C,Courts!B:C,2,FALSE) -> 12 | F45: =VLOOKUP(C:C,Courts!B:E,4,FALSE) -> 0 | G45: =VLOOKUP(C:C,Courts!B:D,3,FALSE) -> 0 | H45: =VLOOKUP(C:C,Courts!B:F,5,FALSE) -> 12 | I45: Display Board | J45: =VLOOKUP(C:C,TooliD!B:K,7,FALSE) -> 12 | K45: =VLOOKUP(C:C,TooliD!B:J,9,FALSE) -> 10 | L45: =K45-J45 -> -2 | M45: =IF(L45=0,"OK", IF(L45>0,"Surplus","Shortfall")) -> Shortfall
A46: Punjab | B46: Faridkot | C46: Faridkot | D46: Session | E46: =VLOOKUP(C:C,Courts!B:C,2,FALSE) -> 12 | F46: =VLOOKUP(C:C,Courts!B:E,4,FALSE) -> 0 | G46: =VLOOKUP(C:C,Courts!B:D,3,FALSE) -> 0 | H46: =VLOOKUP(C:C,Courts!B:F,5,FALSE) -> 12 | I46: MFP | J46: =VLOOKUP(C:C,TooliD!B:N,13,FALSE) -> 12 | K46: =VLOOKUP(C:C,TooliD!B:M,12,FALSE) -> 12 | L46: =K46-J46 -> 0 | M46: =IF(L46=0,"OK", IF(L46>0,"Surplus","Shortfall")) -> OK
A47: Punjab | B47: Faridkot | C47: Faridkot | D47: Session | E47: =VLOOKUP(C:C,Courts!B:C,2,FALSE) -> 12 | F47: =VLOOKUP(C:C,Courts!B:E,4,FALSE) -> 0 | G47: =VLOOKUP(C:C,Courts!B:D,3,FALSE) -> 0 | H47: =VLOOKUP(C:C,Courts!B:F,5,FALSE) -> 12 | I47: DLP | J47: =VLOOKUP(C:C,TooliD!B:Q,16,FALSE) -> 24 | K47: =VLOOKUP(C:C,TooliD!B:P,15,FALSE) -> 27 | L47: =K47-J47 -> 3 | M47: =IF(L47=0,"OK", IF(L47>0,"Surplus","Shortfall")) -> Surplus
A48: Punjab | B48: Faridkot | C48: Faridkot | D48: Session | E48: =VLOOKUP(C:C,Courts!B:C,2,FALSE) -> 12 | F48: =VLOOKUP(C:C,Courts!B:E,4,FALSE) -> 0 | G48: =VLOOKUP(C:C,Courts!B:D,3,FALSE) -> 0 | H48: =VLOOKUP(C:C,Courts!B:F,5,FALSE) -> 12 | I48: AIO | J48: =VLOOKUP(C:C,TooliD!B:T,19,FALSE) -> 96 | K48: =VLOOKUP(C:C,TooliD!B:S,18,FALSE) -> 80 | L48: =K48-J48 -> -16 | M48: =IF(L48=0,"OK", IF(L48>0,"Surplus","Shortfall")) -> Shortfall
A49: Punjab | B49: Faridkot | C49: Faridkot | D49: Session | E49: =VLOOKUP(C:C,Courts!B:C,2,FALSE) -> 12 | F49: =VLOOKUP(C:C,Courts!B:E,4,FALSE) -> 0 | G49: =VLOOKUP(C:C,Courts!B:D,3,FALSE) -> 0 | H49: =VLOOKUP(C:C,Courts!B:F,5,FALSE) -> 12 | I49: PAS | J49: =VLOOKUP(C:C,TooliD!B:W,22,FALSE) -> 12 | K49: =VLOOKUP(C:C,TooliD!B:V,21,FALSE) -> 11 | L49: =K49-J49 -> -1 | M49: =IF(L49=0,"OK", IF(L49>0,"Surplus","Shortfall")) -> Shortfall
A50: Punjab | B50: Faridkot | C50: Jaitu | D50: SubDivision | E50: =VLOOKUP(C:C,Courts!B:C,2,FALSE) -> 2 | F50: =VLOOKUP(C:C,Courts!B:E,4,FALSE) -> 0 | G50: =VLOOKUP(C:C,Courts!B:D,3,FALSE) -> 0 | H50: =VLOOKUP(C:C,Courts!B:F,5,FALSE) -> 2 | I50: Scanners | J50: =VLOOKUP(C:C,TooliD!B:H,7,FALSE) -> 2 | K50: =VLOOKUP(C:C,TooliD!B:G,6,FALSE) -> 3 | L50: =K50-J50 -> 1 | M50: =IF(L50=0,"OK", IF(L50>0,"Surplus","Shortfall")) -> Surplus
A51: Punjab | B51: Faridkot | C51: Jaitu | D51: SubDivision | E51: =VLOOKUP(C:C,Courts!B:C,2,FALSE) -> 2 | F51: =VLOOKUP(C:C,Courts!B:E,4,FALSE) -> 0 | G51: =VLOOKUP(C:C,Courts!B:D,3,FALSE) -> 0 | H51: =VLOOKUP(C:C,Courts!B:F,5,FALSE) -> 2 | I51: Display Board | J51: =VLOOKUP(C:C,TooliD!B:K,7,FALSE) -> 2 | K51: =VLOOKUP(C:C,TooliD!B:J,9,FALSE) -> 1 | L51: =K51-J51 -> -1 | M51: =IF(L51=0,"OK", IF(L51>0,"Surplus","Shortfall")) -> Shortfall
A52: Punjab | B52: Faridkot | C52: Jaitu | D52: SubDivision | E52: =VLOOKUP(C:C,Courts!B:C,2,FALSE) -> 2 | F52: =VLOOKUP(C:C,Courts!B:E,4,FALSE) -> 0 | G52: =VLOOKUP(C:C,Courts!B:D,3,FALSE) -> 0 | H52: =VLOOKUP(C:C,Courts!B:F,5,FALSE) -> 2 | I52: MFP | J52: =VLOOKUP(C:C,TooliD!B:N,13,FALSE) -> 2 | K52: =VLOOKUP(C:C,TooliD!B:M,12,FALSE) -> 2 | L52: =K52-J52 -> 0 | M52: =IF(L52=0,"OK", IF(L52>0,"Surplus","Shortfall")) -> OK
A53: Punjab | B53: Faridkot | C53: Jaitu | D53: SubDivision | E53: =VLOOKUP(C:C,Courts!B:C,2,FALSE) -> 2 | F53: =VLOOKUP(C:C,Courts!B:E,4,FALSE) -> 0 | G53: =VLOOKUP(C:C,Courts!B:D,3,FALSE) -> 0 | H53: =VLOOKUP(C:C,Courts!B:F,5,FALSE) -> 2 | I53: DLP | J53: =VLOOKUP(C:C,TooliD!B:Q,16,FALSE) -> 4 | K53: =VLOOKUP(C:C,TooliD!B:P,15,FALSE) -> 4 | L53: =K53-J53 -> 0 | M53: =IF(L53=0,"OK", IF(L53>0,"Surplus","Shortfall")) -> OK
A54: Punjab | B54: Faridkot | C54: Jaitu | D54: SubDivision | E54: =VLOOKUP(C:C,Courts!B:C,2,FALSE) -> 2 | F54: =VLOOKUP(C:C,Courts!B:E,4,FALSE) -> 0 | G54: =VLOOKUP(C:C,Courts!B:D,3,FALSE) -> 0 | H54: =VLOOKUP(C:C,Courts!B:F,5,FALSE) -> 2 | I54: AIO | J54: =VLOOKUP(C:C,TooliD!B:T,19,FALSE) -> 16 | K54: =VLOOKUP(C:C,TooliD!B:S,18,FALSE) -> 8 | L54: =K54-J54 -> -8 | M54: =IF(L54=0,"OK", IF(L54>0,"Surplus","Shortfall")) -> Shortfall
A55: Punjab | B55: Faridkot | C55: Jaitu | D55: SubDivision | E55: =VLOOKUP(C:C,Courts!B:C,2,FALSE) -> 2 | F55: =VLOOKUP(C:C,Courts!B:E,4,FALSE) -> 0 | G55: =VLOOKUP(C:C,Courts!B:D,3,FALSE) -> 0 | H55: =VLOOKUP(C:C,Courts!B:F,5,FALSE) -> 2 | I55: PAS | J55: =VLOOKUP(C:C,TooliD!B:W,22,FALSE) -> 2 | K55: =VLOOKUP(C:C,TooliD!B:V,21,FALSE) -> 1 | L55: =K55-J55 -> -1 | M55: =IF(L55=0,"OK", IF(L55>0,"Surplus","Shortfall")) -> Shortfall
A56: Punjab | B56: Fatehgarh Sahib | C56: Fatehgarh Sahib | D56: Session | E56: =VLOOKUP(C:C,Courts!B:C,2,FALSE) -> 11 | F56: =VLOOKUP(C:C,Courts!B:E,4,FALSE) -> 0 | G56: =VLOOKUP(C:C,Courts!B:D,3,FALSE) -> 0 | H56: =VLOOKUP(C:C,Courts!B:F,5,FALSE) -> 11 | I56: Scanners | J56: =VLOOKUP(C:C,TooliD!B:H,7,FALSE) -> 11 | K56: =VLOOKUP(C:C,TooliD!B:G,6,FALSE) -> 14 | L56: =K56-J56 -> 3 | M56: =IF(L56=0,"OK", IF(L56>0,"Surplus","Shortfall")) -> Surplus
A57: Punjab | B57: Fatehgarh Sahib | C57: Fatehgarh Sahib | D57: Session | E57: =VLOOKUP(C:C,Courts!B:C,2,FALSE) -> 11 | F57: =VLOOKUP(C:C,Courts!B:E,4,FALSE) -> 0 | G57: =VLOOKUP(C:C,Courts!B:D,3,FALSE) -> 0 | H57: =VLOOKUP(C:C,Courts!B:F,5,FALSE) -> 11 | I57: Display Board | J57: =VLOOKUP(C:C,TooliD!B:K,7,FALSE) -> 11 | K57: =VLOOKUP(C:C,TooliD!B:J,9,FALSE) -> 12 | L57: =K57-J57 -> 1 | M57: =IF(L57=0,"OK", IF(L57>0,"Surplus","Shortfall")) -> Surplus
A58: Punjab | B58: Fatehgarh Sahib | C58: Fatehgarh Sahib | D58: Session | E58: =VLOOKUP(C:C,Courts!B:C,2,FALSE) -> 11 | F58: =VLOOKUP(C:C,Courts!B:E,4,FALSE) -> 0 | G58: =VLOOKUP(C:C,Courts!B:D,3,FALSE) -> 0 | H58: =VLOOKUP(C:C,Courts!B:F,5,FALSE) -> 11 | I58: MFP | J58: =VLOOKUP(C:C,TooliD!B:N,13,FALSE) -> 11 | K58: =VLOOKUP(C:C,TooliD!B:M,12,FALSE) -> 13 | L58: =K58-J58 -> 2 | M58: =IF(L58=0,"OK", IF(L58>0,"Surplus","Shortfall")) -> Surplus
A59: Punjab | B59: Fatehgarh Sahib | C59: Fatehgarh Sahib | D59: Session | E59: =VLOOKUP(C:C,Courts!B:C,2,FALSE) -> 11 | F59: =VLOOKUP(C:C,Courts!B:E,4,FALSE) -> 0 | G59: =VLOOKUP(C:C,Courts!B:D,3,FALSE) -> 0 | H59: =VLOOKUP(C:C,Courts!B:F,5,FALSE) -> 11 | I59: DLP | J59: =VLOOKUP(C:C,TooliD!B:Q,16,FALSE) -> 22 | K59: =VLOOKUP(C:C,TooliD!B:P,15,FALSE) -> 24 | L59: =K59-J59 -> 2 | M59: =IF(L59=0,"OK", IF(L59>0,"Surplus","Shortfall")) -> Surplus
A60: Punjab | B60: Fatehgarh Sahib | C60: Fatehgarh Sahib | D60: Session | E60: =VLOOKUP(C:C,Courts!B:C,2,FALSE) -> 11 | F60: =VLOOKUP(C:C,Courts!B:E,4,FALSE) -> 0 | G60: =VLOOKUP(C:C,Courts!B:D,3,FALSE) -> 0 | H60: =VLOOKUP(C:C,Courts!B:F,5,FALSE) -> 11 | I60: AIO | J60: =VLOOKUP(C:C,TooliD!B:T,19,FALSE) -> 88 | K60: =VLOOKUP(C:C,TooliD!B:S,18,FALSE) -> 92 | L60: =K60-J60 -> 4 | M60: =IF(L60=0,"OK", IF(L60>0,"Surplus","Shortfall")) -> Surplus
A61: Punjab | B61: Fatehgarh Sahib | C61: Fatehgarh Sahib | D61: Session | E61: =VLOOKUP(C:C,Courts!B:C,2,FALSE) -> 11 | F61: =VLOOKUP(C:C,Courts!B:E,4,FALSE) -> 0 | G61: =VLOOKUP(C:C,Courts!B:D,3,FALSE) -> 0 | H61: =VLOOKUP(C:C,Courts!B:F,5,FALSE) -> 11 | I61: PAS | J61: =VLOOKUP(C:C,TooliD!B:W,22,FALSE) -> 11 | K61: =VLOOKUP(C:C,TooliD!B:V,21,FALSE) -> 12 | L61: =K61-J61 -> 1 | M61: =IF(L61=0,"OK", IF(L61>0,"Surplus","Shortfall")) -> Surplus
A62: Punjab | B62: Fatehgarh Sahib | C62: Amloh | D62: SubDivision | E62: =VLOOKUP(C:C,Courts!B:C,2,FALSE) -> 4 | F62: =VLOOKUP(C:C,Courts!B:E,4,FALSE) -> 1 | G62: =VLOOKUP(C:C,Courts!B:D,3,FALSE) -> 0 | H62: =VLOOKUP(C:C,Courts!B:F,5,FALSE) -> 5 | I62: Scanners | J62: =VLOOKUP(C:C,TooliD!B:H,7,FALSE) -> 5 | K62: =VLOOKUP(C:C,TooliD!B:G,6,FALSE) -> 6 | L62: =K62-J62 -> 1 | M62: =IF(L62=0,"OK", IF(L62>0,"Surplus","Shortfall")) -> Surplus
A63: Punjab | B63: Fatehgarh Sahib | C63: Amloh | D63: SubDivision | E63: =VLOOKUP(C:C,Courts!B:C,2,FALSE) -> 4 | F63: =VLOOKUP(C:C,Courts!B:E,4,FALSE) -> 1 | G63: =VLOOKUP(C:C,Courts!B:D,3,FALSE) -> 0 | H63: =VLOOKUP(C:C,Courts!B:F,5,FALSE) -> 5 | I63: Display Board | J63: =VLOOKUP(C:C,TooliD!B:K,7,FALSE) -> 5 | K63: =VLOOKUP(C:C,TooliD!B:J,9,FALSE) -> 3 | L63: =K63-J63 -> -2 | M63: =IF(L63=0,"OK", IF(L63>0,"Surplus","Shortfall")) -> Shortfall
A64: Punjab | B64: Fatehgarh Sahib | C64: Amloh | D64: SubDivision | E64: =VLOOKUP(C:C,Courts!B:C,2,FALSE) -> 4 | F64: =VLOOKUP(C:C,Courts!B:E,4,FALSE) -> 1 | G64: =VLOOKUP(C:C,Courts!B:D,3,FALSE) -> 0 | H64: =VLOOKUP(C:C,Courts!B:F,5,FALSE) -> 5 | I64: MFP | J64: =VLOOKUP(C:C,TooliD!B:N,13,FALSE) -> 5 | K64: =VLOOKUP(C:C,TooliD!B:M,12,FALSE) -> 6 | L64: =K64-J64 -> 1 | M64: =IF(L64=0,"OK", IF(L64>0,"Surplus","Shortfall")) -> Surplus
A65: Punjab | B65: Fatehgarh Sahib | C65: Amloh | D65: SubDivision | E65: =VLOOKUP(C:C,Courts!B:C,2,FALSE) -> 4 | F65: =VLOOKUP(C:C,Courts!B:E,4,FALSE) -> 1 | G65: =VLOOKUP(C:C,Courts!B:D,3,FALSE) -> 0 | H65: =VLOOKUP(C:C,Courts!B:F,5,FALSE) -> 5 | I65: DLP | J65: =VLOOKUP(C:C,TooliD!B:Q,16,FALSE) -> 8 | K65: =VLOOKUP(C:C,TooliD!B:P,15,FALSE) -> 10 | L65: =K65-J65 -> 2 | M65: =IF(L65=0,"OK", IF(L65>0,"Surplus","Shortfall")) -> Surplus
A66: Punjab | B66: Fatehgarh Sahib | C66: Amloh | D66: SubDivision | E66: =VLOOKUP(C:C,Courts!B:C,2,FALSE) -> 4 | F66: =VLOOKUP(C:C,Courts!B:E,4,FALSE) -> 1 | G66: =VLOOKUP(C:C,Courts!B:D,3,FALSE) -> 0 | H66: =VLOOKUP(C:C,Courts!B:F,5,FALSE) -> 5 | I66: AIO | J66: =VLOOKUP(C:C,TooliD!B:T,19,FALSE) -> 36 | K66: =VLOOKUP(C:C,TooliD!B:S,18,FALSE) -> 28 | L66: =K66-J66 -> -8 | M66: =IF(L66=0,"OK", IF(L66>0,"Surplus","Shortfall")) -> Shortfall
A67: Punjab | B67: Fatehgarh Sahib | C67: Amloh | D67: SubDivision | E67: =VLOOKUP(C:C,Courts!B:C,2,FALSE) -> 4 | F67: =VLOOKUP(C:C,Courts!B:E,4,FALSE) -> 1 | G67: =VLOOKUP(C:C,Courts!B:D,3,FALSE) -> 0 | H67: =VLOOKUP(C:C,Courts!B:F,5,FALSE) -> 5 | I67: PAS | J67: =VLOOKUP(C:C,TooliD!B:W,22,FALSE) -> 5 | K67: =VLOOKUP(C:C,TooliD!B:V,21,FALSE) -> 3 | L67: =K67-J67 -> -2 | M67: =IF(L67=0,"OK", IF(L67>0,"Surplus","Shortfall")) -> Shortfall
A68: Punjab | B68: Fatehgarh Sahib | C68: Khamanon | D68: SubDivision | E68: =VLOOKUP(C:C,Courts!B:C,2,FALSE) -> 2 | F68: =VLOOKUP(C:C,Courts!B:E,4,FALSE) -> 1 | G68: =VLOOKUP(C:C,Courts!B:D,3,FALSE) -> 0 | H68: =VLOOKUP(C:C,Courts!B:F,5,FALSE) -> 3 | I68: Scanners | J68: =VLOOKUP(C:C,TooliD!B:H,7,FALSE) -> 3 | K68: =VLOOKUP(C:C,TooliD!B:G,6,FALSE) -> 3 | L68: =K68-J68 -> 0 | M68: =IF(L68=0,"OK", IF(L68>0,"Surplus","Shortfall")) -> OK
A69: Punjab | B69: Fatehgarh Sahib | C69: Khamanon | D69: SubDivision | E69: =VLOOKUP(C:C,Courts!B:C,2,FALSE) -> 2 | F69: =VLOOKUP(C:C,Courts!B:E,4,FALSE) -> 1 | G69: =VLOOKUP(C:C,Courts!B:D,3,FALSE) -> 0 | H69: =VLOOKUP(C:C,Courts!B:F,5,FALSE) -> 3 | I69: Display Board | J69: =VLOOKUP(C:C,TooliD!B:K,7,FALSE) -> 3 | K69: =VLOOKUP(C:C,TooliD!B:J,9,FALSE) -> 3 | L69: =K69-J69 -> 0 | M69: =IF(L69=0,"OK", IF(L69>0,"Surplus","Shortfall")) -> OK
A70: Punjab | B70: Fatehgarh Sahib | C70: Khamanon | D70: SubDivision | E70: =VLOOKUP(C:C,Courts!B:C,2,FALSE) -> 2 | F70: =VLOOKUP(C:C,Courts!B:E,4,FALSE) -> 1 | G70: =VLOOKUP(C:C,Courts!B:D,3,FALSE) -> 0 | H70: =VLOOKUP(C:C,Courts!B:F,5,FALSE) -> 3 | I70: MFP | J70: =VLOOKUP(C:C,TooliD!B:N,13,FALSE) -> 3 | K70: =VLOOKUP(C:C,TooliD!B:M,12,FALSE) -> 3 | L70: =K70-J70 -> 0 | M70: =IF(L70=0,"OK", IF(L70>0,"Surplus","Shortfall")) -> OK
A71: Punjab | B71: Fatehgarh Sahib | C71: Khamanon | D71: SubDivision | E71: =VLOOKUP(C:C,Courts!B:C,2,FALSE) -> 2 | F71: =VLOOKUP(C:C,Courts!B:E,4,FALSE) -> 1 | G71: =VLOOKUP(C:C,Courts!B:D,3,FALSE) -> 0 | H71: =VLOOKUP(C:C,Courts!B:F,5,FALSE) -> 3 | I71: DLP | J71: =VLOOKUP(C:C,TooliD!B:Q,16,FALSE) -> 4 | K71: =VLOOKUP(C:C,TooliD!B:P,15,FALSE) -> 4 | L71: =K71-J71 -> 0 | M71: =IF(L71=0,"OK", IF(L71>0,"Surplus","Shortfall")) -> OK
A72: Punjab | B72: Fatehgarh Sahib | C72: Khamanon | D72: SubDivision | E72: =VLOOKUP(C:C,Courts!B:C,2,FALSE) -> 2 | F72: =VLOOKUP(C:C,Courts!B:E,4,FALSE) -> 1 | G72: =VLOOKUP(C:C,Courts!B:D,3,FALSE) -> 0 | H72: =VLOOKUP(C:C,Courts!B:F,5,FALSE) -> 3 | I72: AIO | J72: =VLOOKUP(C:C,TooliD!B:T,19,FALSE) -> 20 | K72: =VLOOKUP(C:C,TooliD!B:S,18,FALSE) -> 20 | L72: =K72-J72 -> 0 | M72: =IF(L72=0,"OK", IF(L72>0,"Surplus","Shortfall")) -> OK
A73: Punjab | B73: Fatehgarh Sahib | C73: Khamanon | D73: SubDivision | E73: =VLOOKUP(C:C,Courts!B:C,2,FALSE) -> 2 | F73: =VLOOKUP(C:C,Courts!B:E,4,FALSE) -> 1 | G73: =VLOOKUP(C:C,Courts!B:D,3,FALSE) -> 0 | H73: =VLOOKUP(C:C,Courts!B:F,5,FALSE) -> 3 | I73: PAS | J73: =VLOOKUP(C:C,TooliD!B:W,22,FALSE) -> 3 | K73: =VLOOKUP(C:C,TooliD!B:V,21,FALSE) -> 3 | L73: =K73-J73 -> 0 | M73: =IF(L73=0,"OK", IF(L73>0,"Surplus","Shortfall")) -> OK
A74: Punjab | B74: Fazilka | C74: Fazilka | D74: Session | E74: =VLOOKUP(C:C,Courts!B:C,2,FALSE) -> 12 | F74: =VLOOKUP(C:C,Courts!B:E,4,FALSE) -> 0 | G74: =VLOOKUP(C:C,Courts!B:D,3,FALSE) -> 0 | H74: =VLOOKUP(C:C,Courts!B:F,5,FALSE) -> 12 | I74: Scanners | J74: =VLOOKUP(C:C,TooliD!B:H,7,FALSE) -> 12 | K74: =VLOOKUP(C:C,TooliD!B:G,6,FALSE) -> 14 | L74: =K74-J74 -> 2 | M74: =IF(L74=0,"OK", IF(L74>0,"Surplus","Shortfall")) -> Surplus
A75: Punjab | B75: Fazilka | C75: Fazilka | D75: Session | E75: =VLOOKUP(C:C,Courts!B:C,2,FALSE) -> 12 | F75: =VLOOKUP(C:C,Courts!B:E,4,FALSE) -> 0 | G75: =VLOOKUP(C:C,Courts!B:D,3,FALSE) -> 0 | H75: =VLOOKUP(C:C,Courts!B:F,5,FALSE) -> 12 | I75: Display Board | J75: =VLOOKUP(C:C,TooliD!B:K,7,FALSE) -> 12 | K75: =VLOOKUP(C:C,TooliD!B:J,9,FALSE) -> 12 | L75: =K75-J75 -> 0 | M75: =IF(L75=0,"OK", IF(L75>0,"Surplus","Shortfall")) -> OK
A76: Punjab | B76: Fazilka | C76: Fazilka | D76: Session | E76: =VLOOKUP(C:C,Courts!B:C,2,FALSE) -> 12 | F76: =VLOOKUP(C:C,Courts!B:E,4,FALSE) -> 0 | G76: =VLOOKUP(C:C,Courts!B:D,3,FALSE) -> 0 | H76: =VLOOKUP(C:C,Courts!B:F,5,FALSE) -> 12 | I76: MFP | J76: =VLOOKUP(C:C,TooliD!B:N,13,FALSE) -> 12 | K76: =VLOOKUP(C:C,TooliD!B:M,12,FALSE) -> 13 | L76: =K76-J76 -> 1 | M76: =IF(L76=0,"OK", IF(L76>0,"Surplus","Shortfall")) -> Surplus
A77: Punjab | B77: Fazilka | C77: Fazilka | D77: Session | E77: =VLOOKUP(C:C,Courts!B:C,2,FALSE) -> 12 | F77: =VLOOKUP(C:C,Courts!B:E,4,FALSE) -> 0 | G77: =VLOOKUP(C:C,Courts!B:D,3,FALSE) -> 0 | H77: =VLOOKUP(C:C,Courts!B:F,5,FALSE) -> 12 | I77: DLP | J77: =VLOOKUP(C:C,TooliD!B:Q,16,FALSE) -> 24 | K77: =VLOOKUP(C:C,TooliD!B:P,15,FALSE) -> 26 | L77: =K77-J77 -> 2 | M77: =IF(L77=0,"OK", IF(L77>0,"Surplus","Shortfall")) -> Surplus
A78: Punjab | B78: Fazilka | C78: Fazilka | D78: Session | E78: =VLOOKUP(C:C,Courts!B:C,2,FALSE) -> 12 | F78: =VLOOKUP(C:C,Courts!B:E,4,FALSE) -> 0 | G78: =VLOOKUP(C:C,Courts!B:D,3,FALSE) -> 0 | H78: =VLOOKUP(C:C,Courts!B:F,5,FALSE) -> 12 | I78: AIO | J78: =VLOOKUP(C:C,TooliD!B:T,19,FALSE) -> 96 | K78: =VLOOKUP(C:C,TooliD!B:S,18,FALSE) -> 91 | L78: =K78-J78 -> -5 | M78: =IF(L78=0,"OK", IF(L78>0,"Surplus","Shortfall")) -> Shortfall
A79: Punjab | B79: Fazilka | C79: Fazilka | D79: Session | E79: =VLOOKUP(C:C,Courts!B:C,2,FALSE) -> 12 | F79: =VLOOKUP(C:C,Courts!B:E,4,FALSE) -> 0 | G79: =VLOOKUP(C:C,Courts!B:D,3,FALSE) -> 0 | H79: =VLOOKUP(C:C,Courts!B:F,5,FALSE) -> 12 | I79: PAS | J79: =VLOOKUP(C:C,TooliD!B:W,22,FALSE) -> 12 | K79: =VLOOKUP(C:C,TooliD!B:V,21,FALSE) -> 10 | L79: =K79-J79 -> -2 | M79: =IF(L79=0,"OK", IF(L79>0,"Surplus","Shortfall")) -> Shortfall
A80: Punjab | B80: Fazilka | C80: Abohar | D80: SubDivision | E80: =VLOOKUP(C:C,Courts!B:C,2,FALSE) -> 7 | F80: =VLOOKUP(C:C,Courts!B:E,4,FALSE) -> 1 | G80: =VLOOKUP(C:C,Courts!B:D,3,FALSE) -> 0 | H80: =VLOOKUP(C:C,Courts!B:F,5,FALSE) -> 8 | I80: Scanners | J80: =VLOOKUP(C:C,TooliD!B:H,7,FALSE) -> 8 | K80: =VLOOKUP(C:C,TooliD!B:G,6,FALSE) -> 8 | L80: =K80-J80 -> 0 | M80: =IF(L80=0,"OK", IF(L80>0,"Surplus","Shortfall")) -> OK
A81: Punjab | B81: Fazilka | C81: Abohar | D81: SubDivision | E81: =VLOOKUP(C:C,Courts!B:C,2,FALSE) -> 7 | F81: =VLOOKUP(C:C,Courts!B:E,4,FALSE) -> 1 | G81: =VLOOKUP(C:C,Courts!B:D,3,FALSE) -> 0 | H81: =VLOOKUP(C:C,Courts!B:F,5,FALSE) -> 8 | I81: Display Board | J81: =VLOOKUP(C:C,TooliD!B:K,7,FALSE) -> 8 | K81: =VLOOKUP(C:C,TooliD!B:J,9,FALSE) -> 5 | L81: =K81-J81 -> -3 | M81: =IF(L81=0,"OK", IF(L81>0,"Surplus","Shortfall")) -> Shortfall
A82: Punjab | B82: Fazilka | C82: Abohar | D82: SubDivision | E82: =VLOOKUP(C:C,Courts!B:C,2,FALSE) -> 7 | F82: =VLOOKUP(C:C,Courts!B:E,4,FALSE) -> 1 | G82: =VLOOKUP(C:C,Courts!B:D,3,FALSE) -> 0 | H82: =VLOOKUP(C:C,Courts!B:F,5,FALSE) -> 8 | I82: MFP | J82: =VLOOKUP(C:C,TooliD!B:N,13,FALSE) -> 8 | K82: =VLOOKUP(C:C,TooliD!B:M,12,FALSE) -> 8 | L82: =K82-J82 -> 0 | M82: =IF(L82=0,"OK", IF(L82>0,"Surplus","Shortfall")) -> OK
A83: Punjab | B83: Fazilka | C83: Abohar | D83: SubDivision | E83: =VLOOKUP(C:C,Courts!B:C,2,FALSE) -> 7 | F83: =VLOOKUP(C:C,Courts!B:E,4,FALSE) -> 1 | G83: =VLOOKUP(C:C,Courts!B:D,3,FALSE) -> 0 | H83: =VLOOKUP(C:C,Courts!B:F,5,FALSE) -> 8 | I83: DLP | J83: =VLOOKUP(C:C,TooliD!B:Q,16,FALSE) -> 14 | K83: =VLOOKUP(C:C,TooliD!B:P,15,FALSE) -> 15 | L83: =K83-J83 -> 1 | M83: =IF(L83=0,"OK", IF(L83>0,"Surplus","Shortfall")) -> Surplus
A84: Punjab | B84: Fazilka | C84: Abohar | D84: SubDivision | E84: =VLOOKUP(C:C,Courts!B:C,2,FALSE) -> 7 | F84: =VLOOKUP(C:C,Courts!B:E,4,FALSE) -> 1 | G84: =VLOOKUP(C:C,Courts!B:D,3,FALSE) -> 0 | H84: =VLOOKUP(C:C,Courts!B:F,5,FALSE) -> 8 | I84: AIO | J84: =VLOOKUP(C:C,TooliD!B:T,19,FALSE) -> 60 | K84: =VLOOKUP(C:C,TooliD!B:S,18,FALSE) -> 44 | L84: =K84-J84 -> -16 | M84: =IF(L84=0,"OK", IF(L84>0,"Surplus","Shortfall")) -> Shortfall
A85: Punjab | B85: Fazilka | C85: Abohar | D85: SubDivision | E85: =VLOOKUP(C:C,Courts!B:C,2,FALSE) -> 7 | F85: =VLOOKUP(C:C,Courts!B:E,4,FALSE) -> 1 | G85: =VLOOKUP(C:C,Courts!B:D,3,FALSE) -> 0 | H85: =VLOOKUP(C:C,Courts!B:F,5,FALSE) -> 8 | I85: PAS | J85: =VLOOKUP(C:C,TooliD!B:W,22,FALSE) -> 8 | K85: =VLOOKUP(C:C,TooliD!B:V,21,FALSE) -> 7 | L85: =K85-J85 -> -1 | M85: =IF(L85=0,"OK", IF(L85>0,"Surplus","Shortfall")) -> Shortfall
A86: Punjab | B86: Fazilka | C86: Jalalabad | D86: SubDivision | E86: =VLOOKUP(C:C,Courts!B:C,2,FALSE) -> 4 | F86: =VLOOKUP(C:C,Courts!B:E,4,FALSE) -> 1 | G86: =VLOOKUP(C:C,Courts!B:D,3,FALSE) -> 0 | H86: =VLOOKUP(C:C,Courts!B:F,5,FALSE) -> 5 | I86: Scanners | J86: =VLOOKUP(C:C,TooliD!B:H,7,FALSE) -> 5 | K86: =VLOOKUP(C:C,TooliD!B:G,6,FALSE) -> 5 | L86: =K86-J86 -> 0 | M86: =IF(L86=0,"OK", IF(L86>0,"Surplus","Shortfall")) -> OK
A87: Punjab | B87: Fazilka | C87: Jalalabad | D87: SubDivision | E87: =VLOOKUP(C:C,Courts!B:C,2,FALSE) -> 4 | F87: =VLOOKUP(C:C,Courts!B:E,4,FALSE) -> 1 | G87: =VLOOKUP(C:C,Courts!B:D,3,FALSE) -> 0 | H87: =VLOOKUP(C:C,Courts!B:F,5,FALSE) -> 5 | I87: Display Board | J87: =VLOOKUP(C:C,TooliD!B:K,7,FALSE) -> 5 | K87: =VLOOKUP(C:C,TooliD!B:J,9,FALSE) -> 4 | L87: =K87-J87 -> -1 | M87: =IF(L87=0,"OK", IF(L87>0,"Surplus","Shortfall")) -> Shortfall
A88: Punjab | B88: Fazilka | C88: Jalalabad | D88: SubDivision | E88: =VLOOKUP(C:C,Courts!B:C,2,FALSE) -> 4 | F88: =VLOOKUP(C:C,Courts!B:E,4,FALSE) -> 1 | G88: =VLOOKUP(C:C,Courts!B:D,3,FALSE) -> 0 | H88: =VLOOKUP(C:C,Courts!B:F,5,FALSE) -> 5 | I88: MFP | J88: =VLOOKUP(C:C,TooliD!B:N,13,FALSE) -> 5 | K88: =VLOOKUP(C:C,TooliD!B:M,12,FALSE) -> 5 | L88: =K88-J88 -> 0 | M88: =IF(L88=0,"OK", IF(L88>0,"Surplus","Shortfall")) -> OK
A89: Punjab | B89: Fazilka | C89: Jalalabad | D89: SubDivision | E89: =VLOOKUP(C:C,Courts!B:C,2,FALSE) -> 4 | F89: =VLOOKUP(C:C,Courts!B:E,4,FALSE) -> 1 | G89: =VLOOKUP(C:C,Courts!B:D,3,FALSE) -> 0 | H89: =VLOOKUP(C:C,Courts!B:F,5,FALSE) -> 5 | I89: DLP | J89: =VLOOKUP(C:C,TooliD!B:Q,16,FALSE) -> 8 | K89: =VLOOKUP(C:C,TooliD!B:P,15,FALSE) -> 8 | L89: =K89-J89 -> 0 | M89: =IF(L89=0,"OK", IF(L89>0,"Surplus","Shortfall")) -> OK
A90: Punjab | B90: Fazilka | C90: Jalalabad | D90: SubDivision | E90: =VLOOKUP(C:C,Courts!B:C,2,FALSE) -> 4 | F90: =VLOOKUP(C:C,Courts!B:E,4,FALSE) -> 1 | G90: =VLOOKUP(C:C,Courts!B:D,3,FALSE) -> 0 | H90: =VLOOKUP(C:C,Courts!B:F,5,FALSE) -> 5 | I90: AIO | J90: =VLOOKUP(C:C,TooliD!B:T,19,FALSE) -> 36 | K90: =VLOOKUP(C:C,TooliD!B:S,18,FALSE) -> 28 | L90: =K90-J90 -> -8 | M90: =IF(L90=0,"OK", IF(L90>0,"Surplus","Shortfall")) -> Shortfall
A91: Punjab | B91: Fazilka | C91: Jalalabad | D91: SubDivision | E91: =VLOOKUP(C:C,Courts!B:C,2,FALSE) -> 4 | F91: =VLOOKUP(C:C,Courts!B:E,4,FALSE) -> 1 | G91: =VLOOKUP(C:C,Courts!B:D,3,FALSE) -> 0 | H91: =VLOOKUP(C:C,Courts!B:F,5,FALSE) -> 5 | I91: PAS | J91: =VLOOKUP(C:C,TooliD!B:W,22,FALSE) -> 5 | K91: =VLOOKUP(C:C,TooliD!B:V,21,FALSE) -> 4 | L91: =K91-J91 -> -1 | M91: =IF(L91=0,"OK", IF(L91>0,"Surplus","Shortfall")) -> Shortfall
A92: Punjab | B92: Ferozepur | C92: Ferozepur | D92: Session | E92: =VLOOKUP(C:C,Courts!B:C,2,FALSE) -> 16 | F92: =VLOOKUP(C:C,Courts!B:E,4,FALSE) -> 0 | G92: =VLOOKUP(C:C,Courts!B:D,3,FALSE) -> 0 | H92: =VLOOKUP(C:C,Courts!B:F,5,FALSE) -> 16 | I92: Scanners | J92: =VLOOKUP(C:C,TooliD!B:H,7,FALSE) -> 16 | K92: =VLOOKUP(C:C,TooliD!B:G,6,FALSE) -> 20 | L92: =K92-J92 -> 4 | M92: =IF(L92=0,"OK", IF(L92>0,"Surplus","Shortfall")) -> Surplus
A93: Punjab | B93: Ferozepur | C93: Ferozepur | D93: Session | E93: =VLOOKUP(C:C,Courts!B:C,2,FALSE) -> 16 | F93: =VLOOKUP(C:C,Courts!B:E,4,FALSE) -> 0 | G93: =VLOOKUP(C:C,Courts!B:D,3,FALSE) -> 0 | H93: =VLOOKUP(C:C,Courts!B:F,5,FALSE) -> 16 | I93: Display Board | J93: =VLOOKUP(C:C,TooliD!B:K,7,FALSE) -> 16 | K93: =VLOOKUP(C:C,TooliD!B:J,9,FALSE) -> 15 | L93: =K93-J93 -> -1 | M93: =IF(L93=0,"OK", IF(L93>0,"Surplus","Shortfall")) -> Shortfall
A94: Punjab | B94: Ferozepur | C94: Ferozepur | D94: Session | E94: =VLOOKUP(C:C,Courts!B:C,2,FALSE) -> 16 | F94: =VLOOKUP(C:C,Courts!B:E,4,FALSE) -> 0 | G94: =VLOOKUP(C:C,Courts!B:D,3,FALSE) -> 0 | H94: =VLOOKUP(C:C,Courts!B:F,5,FALSE) -> 16 | I94: MFP | J94: =VLOOKUP(C:C,TooliD!B:N,13,FALSE) -> 16 | K94: =VLOOKUP(C:C,TooliD!B:M,12,FALSE) -> 18 | L94: =K94-J94 -> 2 | M94: =IF(L94=0,"OK", IF(L94>0,"Surplus","Shortfall")) -> Surplus
A95: Punjab | B95: Ferozepur | C95: Ferozepur | D95: Session | E95: =VLOOKUP(C:C,Courts!B:C,2,FALSE) -> 16 | F95: =VLOOKUP(C:C,Courts!B:E,4,FALSE) -> 0 | G95: =VLOOKUP(C:C,Courts!B:D,3,FALSE) -> 0 | H95: =VLOOKUP(C:C,Courts!B:F,5,FALSE) -> 16 | I95: DLP | J95: =VLOOKUP(C:C,TooliD!B:Q,16,FALSE) -> 32 | K95: =VLOOKUP(C:C,TooliD!B:P,15,FALSE) -> 34 | L95: =K95-J95 -> 2 | M95: =IF(L95=0,"OK", IF(L95>0,"Surplus","Shortfall")) -> Surplus
A96: Punjab | B96: Ferozepur | C96: Ferozepur | D96: Session | E96: =VLOOKUP(C:C,Courts!B:C,2,FALSE) -> 16 | F96: =VLOOKUP(C:C,Courts!B:E,4,FALSE) -> 0 | G96: =VLOOKUP(C:C,Courts!B:D,3,FALSE) -> 0 | H96: =VLOOKUP(C:C,Courts!B:F,5,FALSE) -> 16 | I96: AIO | J96: =VLOOKUP(C:C,TooliD!B:T,19,FALSE) -> 128 | K96: =VLOOKUP(C:C,TooliD!B:S,18,FALSE) -> 120 | L96: =K96-J96 -> -8 | M96: =IF(L96=0,"OK", IF(L96>0,"Surplus","Shortfall")) -> Shortfall
A97: Punjab | B97: Ferozepur | C97: Ferozepur | D97: Session | E97: =VLOOKUP(C:C,Courts!B:C,2,FALSE) -> 16 | F97: =VLOOKUP(C:C,Courts!B:E,4,FALSE) -> 0 | G97: =VLOOKUP(C:C,Courts!B:D,3,FALSE) -> 0 | H97: =VLOOKUP(C:C,Courts!B:F,5,FALSE) -> 16 | I97: PAS | J97: =VLOOKUP(C:C,TooliD!B:W,22,FALSE) -> 16 | K97: =VLOOKUP(C:C,TooliD!B:V,21,FALSE) -> 15 | L97: =K97-J97 -> -1 | M97: =IF(L97=0,"OK", IF(L97>0,"Surplus","Shortfall")) -> Shortfall
A98: Punjab | B98: Ferozepur | C98: Guruharsahai | D98: SubDivision | E98: =VLOOKUP(C:C,Courts!B:C,2,FALSE) -> 3 | F98: =VLOOKUP(C:C,Courts!B:E,4,FALSE) -> 1 | G98: =VLOOKUP(C:C,Courts!B:D,3,FALSE) -> 0 | H98: =VLOOKUP(C:C,Courts!B:F,5,FALSE) -> 4 | I98: Scanners | J98: =VLOOKUP(C:C,TooliD!B:H,7,FALSE) -> 4 | K98: =VLOOKUP(C:C,TooliD!B:G,6,FALSE) -> 4 | L98: =K98-J98 -> 0 | M98: =IF(L98=0,"OK", IF(L98>0,"Surplus","Shortfall")) -> OK
A99: Punjab | B99: Ferozepur | C99: Guruharsahai | D99: SubDivision | E99: =VLOOKUP(C:C,Courts!B:C,2,FALSE) -> 3 | F99: =VLOOKUP(C:C,Courts!B:E,4,FALSE) -> 1 | G99: =VLOOKUP(C:C,Courts!B:D,3,FALSE) -> 0 | H99: =VLOOKUP(C:C,Courts!B:F,5,FALSE) -> 4 | I99: Display Board | J99: =VLOOKUP(C:C,TooliD!B:K,7,FALSE) -> 4 | K99: =VLOOKUP(C:C,TooliD!B:J,9,FALSE) -> 3 | L99: =K99-J99 -> -1 | M99: =IF(L99=0,"OK", IF(L99>0,"Surplus","Shortfall")) -> Shortfall
A100: Punjab | B100: Ferozepur | C100: Guruharsahai | D100: SubDivision | E100: =VLOOKUP(C:C,Courts!B:C,2,FALSE) -> 3 | F100: =VLOOKUP(C:C,Courts!B:E,4,FALSE) -> 1 | G100: =VLOOKUP(C:C,Courts!B:D,3,FALSE) -> 0 | H100: =VLOOKUP(C:C,Courts!B:F,5,FALSE) -> 4 | I100: MFP | J100: =VLOOKUP(C:C,TooliD!B:N,13,FALSE) -> 4 | K100: =VLOOKUP(C:C,TooliD!B:M,12,FALSE) -> 4 | L100: =K100-J100 -> 0 | M100: =IF(L100=0,"OK", IF(L100>0,"Surplus","Shortfall")) -> OK
...

Sheet Courts
A1: Sr. No. | B1: Sessions Division/Sub-Division | C1: Total number of working Court including family Courts (excluding Officers working as Secy, DLSA, ADJ/ ACJ as Spl. Judge, CBI Court & SJM, POIT/ Special Tribunal/ Railway Magistrate) as on 28.11.2025 | D1: TJOs | E1: Number of family Camp Court/ Gram Nyayalaya updated as on 28.11.2025 | F1: Total Courts
A2: 1 | B2: Amritsar | C2: 48 | D2: 0 | E2: 0 | F2: =SUM(C2:E2) -> 48
A3: 2 | B3: Ajnala | C3: 5 | D3: 0 | E3: 1 | F3: =SUM(C3:E3) -> 6
A4: 3 | B4: Baba Bakala | C4: 4 | D4: 0 | E4: 1 | F4: =SUM(C4:E4) -> 5
A5: 4 | B5: Barnala | C5: 11 | D5: 0 | E5: 0 | F5: =SUM(C5:E5) -> 11
A6: 5 | B6: Bathinda | C6: 25 | D6: 0 | E6: 0 | F6: =SUM(C6:E6) -> 25
A7: 6 | B7: Talwandi Sabo | C7: 6 | D7: 0 | E7: 1 | F7: =SUM(C7:E7) -> 7
A8: 7 | B8: Phul | C8: 4 | D8: 0 | E8: 1 | F8: =SUM(C8:E8) -> 5
A9: 8 | B9: Faridkot | C9: 12 | D9: 0 | E9: 0 | F9: =SUM(C9:E9) -> 12
A10: 9 | B10: Jaitu | C10: 2 | D10: 0 | E10: 0 | F10: =SUM(C10:E10) -> 2
A11: 10 | B11: Fatehgarh Sahib | C11: 11 | D11: 0 | E11: 0 | F11: =SUM(C11:E11) -> 11
A12: 11 | B12: Amloh | C12: 4 | D12: 0 | E12: 1 | F12: =SUM(C12:E12) -> 5
A13: 12 | B13: Khamanon | C13: 2 | D13: 0 | E13: 1 | F13: =SUM(C13:E13) -> 3
... A131: 130 | B131: Bilaspur | C131: 4 | D131: 2 | E131: 1 | F131: =SUM(C131:E131) -> 7
B133: Total | C133: =SUM(C2:C131) -> 1147 | D133: =SUM(D2:D131) -> 108 | E133: =SUM(E2:E131) -> 81 | F133: =SUM(F2:F131) -> 1336
A135: 1 | B135: Punjab | C135: =SUM(C2:C69) -> 640 | D135: =SUM(D2:D69) -> 0 | E135: =SUM(E2:E69) -> 45 | F135: =SUM(F2:F69) -> 685
A136: 2 | B136: Haryana | C136: =SUM(C71:C131) -> 479 | D136: =SUM(D71:D131) -> 108 | E136: =SUM(E71:E131) -> 36 | F136: =SUM(F71:F131) -> 623
A137: 3 | B137: Chandigarh | C137: =C70 -> 28 | D137: =D70 -> 0 | E137: =E70 -> 0 | F137: =F70 -> 28
B138: Total | C138: =SUM(C135:C137) -> 1147 | D138: =SUM(D135:D137) -> 108 | E138: =SUM(E135:E137) -> 81 | F138: =SUM(F135:F137) -> 1336

Sheet MFP
A1: Sr. No. | B1: Sessions Division/Sub-Division | C1: (A) Total number of working Court including family Courts (excluding Officers working as Secy, DLSA, ADJ/ ACJ as Spl. Judge, CBI Court & SJM, POIT/ Special Tribunal/ Railway Magistrate) as on 28.11.2025 | D1: (B) Number of family Camp Court/ Gram Nyayalaya updated as on 28.11.2025 | E1: (C) TJOs | F1: 2017 | G1: 2020 | H1: 2023 | I1: Supplied for Courts in 2025 | J1: Supplied for eSewa Kendras in 2025 | K1: (D) Total distributed for Court Use (under warranty & AMC) | L1: E= (A+B+C) x 1 Requirement 1 per Court & 1 per gram nyayalya and family camp court and TJOs | M1: F= D - E Surplus (+) / Shortfall (-) | N1: Requirement after adjustment within Session Division
A2: 1 | B2: Amritsar | C2: =VLOOKUP(B:B,Courts!B:C,2,FALSE()) -> 48 | D2: =VLOOKUP(B:B,Courts!B:E,4,FALSE()) -> 0 | E2: =VLOOKUP(B:B,Courts!B:D,3,FALSE()) -> 0 | F2: 34 | G2: 0 | H2: 0 | I2: 12 | J2: 1 | K2: =SUM(F2:I2) -> 46 | L2: =SUM(C2:E2)*1 -> 48 | M2: =K2-L2 -> -2 | N2: 2
A3: 2 | B3: Ajnala | C3: =VLOOKUP(B:B,Courts!B:C,2,FALSE()) -> 5 | D3: =VLOOKUP(B:B,Courts!B:E,4,FALSE()) -> 1 | E3: =VLOOKUP(B:B,Courts!B:D,3,FALSE()) -> 0 | F3: 4 | G3: 0 | H3: 0 | I3: 2 | J3: 1 | K3: =SUM(F3:I3) -> 6 | L3: =SUM(C3:E3)*1 -> 6 | M3: =K3-L3 -> 0 | N3: 0
A4: 3 | B4: Baba Bakala | C4: =VLOOKUP(B:B,Courts!B:C,2,FALSE()) -> 4 | D4: =VLOOKUP(B:B,Courts!B:E,4,FALSE()) -> 1 | E4: =VLOOKUP(B:B,Courts!B:D,3,FALSE()) -> 0 | F4: 1 | G4: 2 | H4: 1 | I4: 1 | J4: 1 | K4: =SUM(F4:I4) -> 5 | L4: =SUM(C4:E4)*1 -> 5 | M4: =K4-L4 -> 0 | N4: 0
A5: 4 | B5: Barnala | C5: =VLOOKUP(B:B,Courts!B:C,2,FALSE()) -> 11 | D5: =VLOOKUP(B:B,Courts!B:E,4,FALSE()) -> 0 | E5: =VLOOKUP(B:B,Courts!B:D,3,FALSE()) -> 0 | F5: 7 | G5: 3 | H5: 1 | I5: 2 | J5: 1 | K5: =SUM(F5:I5) -> 13 | L5: =SUM(C5:E5)*1 -> 11 | M5: =K5-L5 -> 2 | N5: 0
A6: 5 | B6: Bathinda | C6: =VLOOKUP(B:B,Courts!B:C,2,FALSE()) -> 25 | D6: =VLOOKUP(B:B,Courts!B:E,4,FALSE()) -> 0 | E6: =VLOOKUP(B:B,Courts!B:D,3,FALSE()) -> 0 | F6: 19 | G6: 0 | H6: 0 | I6: 9 | J6: 1 | K6: =SUM(F6:I6) -> 28 | L6: =SUM(C6:E6)*1 -> 25 | M6: =K6-L6 -> 3 | N6: 0
A7: 6 | B7: Talwandi Sabo | C7: =VLOOKUP(B:B,Courts!B:C,2,FALSE()) -> 6 | D7: =VLOOKUP(B:B,Courts!B:E,4,FALSE()) -> 1 | E7: =VLOOKUP(B:B,Courts!B:D,3,FALSE()) -> 0 | F7: 2 | G7: 2 | H7: 0 | I7: 3 | J7: 1 | K7: =SUM(F7:I7) -> 7 | L7: =SUM(C7:E7)*1 -> 7 | M7: =K7-L7 -> 0 | N7: 0
A8: 7 | B8: Phul | C8: =VLOOKUP(B:B,Courts!B:C,2,FALSE()) -> 4 | D8: =VLOOKUP(B:B,Courts!B:E,4,FALSE()) -> 1 | E8: =VLOOKUP(B:B,Courts!B:D,3,FALSE()) -> 0 | F8: 2 | G8: 1 | H8: 0 | I8: 3 | J8: 1 | K8: =SUM(F8:I8) -> 6 | L8: =SUM(C8:E8)*1 -> 5 | M8: =K8-L8 -> 1 | N8: 0
A9: 8 | B9: Faridkot | C9: =VLOOKUP(B:B,Courts!B:C,2,FALSE()) -> 12 | D9: =VLOOKUP(B:B,Courts!B:E,4,FALSE()) -> 0 | E9: =VLOOKUP(B:B,Courts!B:D,3,FALSE()) -> 0 | F9: 11 | G9: 0 | H9: 0 | I9: 1 | J9: 1 | K9: =SUM(F9:I9) -> 12 | L9: =SUM(C9:E9)*1 -> 12 | M9: =K9-L9 -> 0 | N9: 0
A10: 9 | B10: Jaitu | C10: =VLOOKUP(B:B,Courts!B:C,2,FALSE()) -> 2 | D10: =VLOOKUP(B:B,Courts!B:E,4,FALSE()) -> 0 | E10: =VLOOKUP(B:B,Courts!B:D,3,FALSE()) -> 0 | F10: 1 | G10: 0 | H10: 0 | I10: 1 | J10: 1 | K10: =SUM(F10:I10) -> 2 | L10: =SUM(C10:E10)*1 -> 2 | M10: =K10-L10 -> 0 | N10: 0
A11: 10 | B11: Fatehgarh Sahib | C11: =VLOOKUP(B:B,Courts!B:C,2,FALSE()) -> 11 | D11: =VLOOKUP(B:B,Courts!B:E,4,FALSE()) -> 0 | E11: =VLOOKUP(B:B,Courts!B:D,3,FALSE()) -> 0 | F11: 11 | G11: 0 | H11: 1 | I11: 1 | J11: 1 | K11: =SUM(F11:I11) -> 13 | L11: =SUM(C11:E11)*1 -> 11 | M11: =K11-L11 -> 2 | N11: 0
A12: 11 | B12: Amloh | C12: =VLOOKUP(B:B,Courts!B:C,2,FALSE()) -> 4 | D12: =VLOOKUP(B:B,Courts!B:E,4,FALSE()) -> 1 | E12: =VLOOKUP(B:B,Courts!B:D,3,FALSE()) -> 0 | F12: 2 | G12: 1 | H12: 1 | I12: 2 | J12: 1 | K12: =SUM(F12:I12) -> 6 | L12: =SUM(C12:E12)*1 -> 5 | M12: =K12-L12 -> 1 | N12: 0
A13: 12 | B13: Khamanon | C13: =VLOOKUP(B:B,Courts!B:C,2,FALSE()) -> 2 | D13: =VLOOKUP(B:B,Courts!B:E,4,FALSE()) -> 1 | E13: =VLOOKUP(B:B,Courts!B:D,3,FALSE()) -> 0 | F13: 1 | G13: 1 | H13: 1 | I13: 0 | J13: 1 | K13: =SUM(F13:I13) -> 3 | L13: =SUM(C13:E13)*1 -> 3 | M13: =K13-L13 -> 0 | N13: 0
... A24: 23 | B24: Mukerian | C24: =VLOOKUP(B:B,Courts!B:C,2,FALSE()) -> 3 | D24: =VLOOKUP(B:B,Courts!B:E,4,FALSE()) -> 1 | E24: =VLOOKUP(B:B,Courts!B:D,3,FALSE()) -> 0 | F24: 2 | G24: 1 | H24: 0 | I24: 2 | J24: 1 | K24: =SUM(F24:I24) -> 5 | L24: =SUM(C24:E24)*1 -> 4 | M24: =K24-L24 -> 1 | N24: 0
A25: 24 | B25: Garhshankar | C25: =VLOOKUP(B:B,Courts!B:C,2,FALSE()) -> 3 | D25: =VLOOKUP(B:B,Courts!B:E,4,FALSE()) -> 1 | E25: =VLOOKUP(B:B,Courts!B:D,3,FALSE()) -> 0 | F25: 3 | G25: 1 | H25: 0 | I25: 0 | J25: 1 | K25: =SUM(F25:I25) -> 4 | L25: =SUM(C25:E25)*1 -> 4 | M25: 0 | N25: 0
A26: 25 | B26: Jalandhar | C26: =VLOOKUP(B:B,Courts!B:C,2,FALSE()) -> 45 | D26: =VLOOKUP(B:B,Courts!B:E,4,FALSE()) -> 0 | E26: =VLOOKUP(B:B,Courts!B:D,3,FALSE()) -> 0 | F26: 35 | G26: 5 | H26: 0 | I26: 4 | J26: 1 | K26: =SUM(F26:I26) -> 44 | L26: =SUM(C26:E26)*1 -> 45 | M26: =K26-L26 -> -1 | N26: 0
A27: 26 | B27: Nakodar | C27: =VLOOKUP(B:B,Courts!B:C,2,FALSE()) -> 3 | D27: =VLOOKUP(B:B,Courts!B:E,4,FALSE()) -> 1 | E27: =VLOOKUP(B:B,Courts!B:D,3,FALSE()) -> 0 | F27: 4 | G27: 0 | H27: 0 | I27: 0 | J27: 1 | K27: =SUM(F27:I27) -> 4 | L27: =SUM(C27:E27)*1 -> 4 | M27: =K27-L27 -> 0 | N27: 0
A28: 27 | B28: Phillaur | C28: =VLOOKUP(B:B,Courts!B:C,2,FALSE()) -> 5 | D28: =VLOOKUP(B:B,Courts!B:E,4,FALSE()) -> 1 | E28: =VLOOKUP(B:B,Courts!B:D,3,FALSE()) -> 0 | F28: 4 | G28: 1 | H28: 0 | I28: 2 | J28: 1 | K28: =SUM(F28:I28) -> 7 | L28: =SUM(C28:E28)*1 -> 6 | M28: =K28-L28 -> 1 | N28: 0
A29: 28 | B29: Kapurthala | C29: =VLOOKUP(B:B,Courts!B:C,2,FALSE()) -> 10 | D29: =VLOOKUP(B:B,Courts!B:E,4,FALSE()) -> 0 | E29: =VLOOKUP(B:B,Courts!B:D,3,FALSE()) -> 0 | F29: 12 | G29: 0 | H29: 1 | I29: 0 | J29: 1 | K29: =SUM(F29:I29) -> 13 | L29: =SUM(C29:E29)*1 -> 10 | M29: =K29-L29 -> 3 | N29: 0
A30: 29 | B30: Phagwara | C30: =VLOOKUP(B:B,Courts!B:C,2,FALSE()) -> 4 | D30: =VLOOKUP(B:B,Courts!B:E,4,FALSE()) -> 1 | E30: =VLOOKUP(B:B,Courts!B:D,3,FALSE()) -> 0 | F30: 3 | G30: 1 | H30: 1 | I30: 1 | J30: 1 | K30: =SUM(F30:I30) -> 6 | L30: =SUM(C30:E30)*1 -> 5 | M30: =K30-L30 -> 1 | N30: 0
A31: 30 | B31: Sultanpur Lodhi | C31: =VLOOKUP(B:B,Courts!B:C,2,FALSE()) -> 3 | D31: =VLOOKUP(B:B,Courts!B:E,4,FALSE()) -> 1 | E31: =VLOOKUP(B:B,Courts!B:D,3,FALSE()) -> 0 | F31: 2 | G31: 0 | H31: 1 | I31: 1 | J31: 1 | K31: =SUM(F31:I31) -> 4 | L31: =SUM(C31:E31)*1 -> 4 | M31: =K31-L31 -> 0 | N31: 0
A32: 31 | B32: Bholath | C32: =VLOOKUP(B:B,Courts!B:C,2,FALSE()) -> 1 | D32: =VLOOKUP(B:B,Courts!B:E,4,FALSE()) -> 1 | E32: =VLOOKUP(B:B,Courts!B:D,3,FALSE()) -> 0 | F32: 0 | G32: 1 | H32: 1 | I32: 1 | J32: 1 | K32: =SUM(F32:I32) -> 3 | L32: =SUM(C32:E32)*1 -> 2 | M32: =K32-L32 -> 1 | N32: 0
A33: 32 | B33: Ludhiana | C33: =VLOOKUP(B:B,Courts!B:C,2,FALSE()) -> 73 | D33: =VLOOKUP(B:B,Courts!B:E,4,FALSE()) -> 0 | E33: =VLOOKUP(B:B,Courts!B:D,3,FALSE()) -> 0 | F33: 56 | G33: 2 | H33: 6 | I33: 12 | J33: 1 | K33: =SUM(F33:I33) -> 76 | L33: =SUM(C33:E33)*1 -> 73 | M33: =K33-L33 -> 3 | N33: 0
A34: 33 | B34: Samrala | C34: =VLOOKUP(B:B,Courts!B:C,2,FALSE()) -> 3 | D34: =VLOOKUP(B:B,Courts!B:E,4,FALSE()) -> 1 | E34: =VLOOKUP(B:B,Courts!B:D,3,FALSE()) -> 0 | F34: 3 | G34: 1 | H34: 0 | I34: 0 | J34: 1 | K34: =SUM(F34:I34) -> 4 | L34: =SUM(C34:E34)*1 -> 4 | M34: =K34-L34 -> 0 | N34: 0
A35: 34 | B35: Khanna | C35: =VLOOKUP(B:B,Courts!B:C,2,FALSE()) -> 4 | D35: =VLOOKUP(B:B,Courts!B:E,4,FALSE()) -> 1 | E35: =VLOOKUP(B:B,Courts!B:D,3,FALSE()) -> 0 | F35: 3 | G35: 2 | H35: 0 | I35: 0 | J35: 1 | K35: =SUM(F35:I35) -> 5 | L35: =SUM(C35:E35)*1 -> 5 | M35: =K35-L35 -> 0 | N35: 0
A36: 35 | B36: Jagraon | C36: =VLOOKUP(B:B,Courts!B:C,2,FALSE()) -> 6 | D36: =VLOOKUP(B:B,Courts!B:E,4,FALSE()) -> 1 | E36: =VLOOKUP(B:B,Courts!B:D,3,FALSE()) -> 0 | F36: 5 | G36: 1 | H36: 0 | I36: 2 | J36: 1 | K36: =SUM(F36:I36) -> 8 | L36: =SUM(C36:E36)*1 -> 7 | M36: =K36-L36 -> 1 | N36: 0
A37: 36 | B37: Payal | C37: =VLOOKUP(B:B,Courts!B:C,2,FALSE()) -> 3 | D37: =VLOOKUP(B:B,Courts!B:E,4,FALSE()) -> 1 | E37: =VLOOKUP(B:B,Courts!B:D,3,FALSE()) -> 0 | F37: 2 | G37: 1 | H37: 0 | I37: 1 | J37: 1 | K37: =SUM(F37:I37) -> 4 | L37: =SUM(C37:E37)*1 -> 4 | M37: =K37-L37 -> 0 | N37: 0
... A131: 130 | B131: Bilaspur | C131: =VLOOKUP(B:B,Courts!B:C,2,FALSE()) -> 4 | D131: =VLOOKUP(B:B,Courts!B:E,4,FALSE()) -> 1 | E131: =VLOOKUP(B:B,Courts!B:D,3,FALSE()) -> 2 | F131: 3 | G131: 2 | H131: 0 | I131: 0 | J131: 1 | K131: =SUM(F131:I131) -> 5 | L131: =SUM(C131:E131)*1 -> 7 | M131: =K131-L131 -> -2 | N131: 2
B133: Total | C133: =SUM(C2:C131) -> 1147 | D133: =SUM(D2:D131) -> 81 | E133: =SUM(E2:E131) -> 108 | F133: =SUM(F2:F131) -> 931 | G133: =SUM(G2:G131) -> 96 | H133: =SUM(H2:H131) -> 55 | I133: =SUM(I2:I131) -> 214 | J133: =SUM(J2:J131) -> 123 | ... N133: =SUM(N2:N131) -> 83
A135: 1 | B135: Punjab | C135: =SUM(C2:C69) -> 640 | D135: =SUM(D2:D69) -> 45 | E135: =SUM(E2:E69) -> 0 | F135: =SUM(F2:F69) -> 476 | G135: =SUM(G2:G69) -> 57 | H135: =SUM(H2:H69) -> 45 | I135: =SUM(I2:I69) -> 139 | J135: =SUM(J2:J69) -> 66 | ... N135: =SUM(N2:N69) -> 3
A136: 2 | B136: Haryana | C136: =SUM(C71:C131) -> 479 | D136: =SUM(D71:D131) -> 36 | E136: =SUM(E71:E131) -> 108 | F136: =SUM(F71:F131) -> 426 | G136: =SUM(G71:G131) -> 39 | H136: =SUM(H71:H131) -> 9 | I136: =SUM(I71:I131) -> 74 | J136: =SUM(J71:J131) -> 56 | ... N136: =SUM(N71:N131) -> 80
A137: 3 | B137: Chandigarh | C137: =SUM(C70) -> 28 | D137: =SUM(D70) -> 0 | E137: =SUM(E70) -> 0 | F137: =SUM(F70) -> 29 | G137: =SUM(G70) -> 0 | H137: =SUM(H70) -> 1 | I137: =SUM(I70) -> 1 | J137: =SUM(J70) -> 1 | ... N137: =SUM(N70) -> 0
B138: =B133 -> Total | C138: =SUM(C135:C137) -> 1147 | D138: =SUM(D135:D137) -> 81 | E138: =SUM(E135:E137) -> 108 | F138: =SUM(F135:F137) -> 931 | G138: =SUM(G135:G137) -> 96 | H138: =SUM(H135:H137) -> 55 | I138: =SUM(I135:I137) -> 214 | J138: =SUM(J135:J137) -> 123 | ... N138: =SUM(N135:N137) -> 83

Sheet AIO
A1: Sr. No. | B1: Sessions Division/Sub-Division | C1: Total number of working Court including family Courts (excluding Officers working as Secy, DLSA, ADJ/ ACJ as Spl. Judge, CBI Court & SJM, POIT/ Special Tribunal/ Railway Magistrate) as on 28.11.2025 | D1: TJOs | E1: Number of family Camp Court/ Gram Nyayalaya updated as on 28.11.2025 | F1: 2016 | G1: 2018 | H1: 2020 | I1: 2021 Paperless Court | J1: 2023 | K1: eSewa 2023 | L1: Help Desk 2023 | M1: Family Camp Courtrs & Gram Nyayalya (4 per Court) 2023 | N1: 1828 in 2023 | O1: Total distributed in 2023 | P1: Total distributed for COURTS | Q1: Requirement - Court use | R1: Requirement - TJO | S1: Requirement - Family & Gram Nyayalya | T1: Total Requirement | U1: Shortfall (-) / Surplus (+) | V1: Requirment after adjustment within Distt
A2: 1 | B2: Amritsar | C2: =VLOOKUP(B:B,Courts!B:C,2,FALSE()) -> 48 | D2: =VLOOKUP(B:B,Courts!B:D,3,FALSE()) -> 0 | E2: =VLOOKUP(B:B,Courts!B:E,4,FALSE()) -> 0 | F2: 136 | G2: 0 | H2: 29 | I2: 0 | J2: 96 | K2: 4 | L2: 4 | M2: 0 | N2: 19 | O2: =SUM(J2:N2) -> 123 | P2: =F2+G2+H2+I2+J2+M2+N2 -> 280 | Q2: =C2*8 -> 384 | R2: =D2*8 -> 0 | S2: =E2*4 -> 0 | T2: =SUM(Q2:S2) -> 384 | U2: =P2-T2 -> -104 | V2: -104
A3: 2 | B3: Ajnala | C3: =VLOOKUP(B:B,Courts!B:C,2,FALSE()) -> 5 | D3: =VLOOKUP(B:B,Courts!B:D,3,FALSE()) -> 0 | E3: =VLOOKUP(B:B,Courts!B:E,4,FALSE()) -> 1 | F3: 16 | G3: 0 | H3: 7 | I3: 0 | J3: 9 | K3: 1 | L3: 0 | M3: 4 | N3: 0 | O3: =SUM(J3:N3) -> 14 | P3: =F3+G3+H3+I3+J3+M3+N3 -> 36 | Q3: =C3*8 -> 40 | R3: =D3*8 -> 0 | S3: =E3*4 -> 4 | T3: =SUM(Q3:S3) -> 44 | U3: =P3-T3 -> -8 | V3: -8
A4: 3 | B4: Baba Bakala | C4: =VLOOKUP(B:B,Courts!B:C,2,FALSE()) -> 4 | D4: =VLOOKUP(B:B,Courts!B:D,3,FALSE()) -> 0 | E4: =VLOOKUP(B:B,Courts!B:E,4,FALSE()) -> 1 | F4: 4 | G4: 0 | H4: 11 | I4: 0 | J4: 0 | K4: 1 | L4: 0 | M4: 4 | N4: 2 | O4: =SUM(J4:N4) -> 7 | P4: =F4+G4+H4+I4+J4+M4+N4 -> 21 | Q4: =C4*8 -> 32 | R4: =D4*8 -> 0 | S4: =E4*4 -> 4 | T4: =SUM(Q4:S4) -> 36 | U4: =P4-T4 -> -15 | V4: -15
A5: 4 | B5: Barnala | C5: =VLOOKUP(B:B,Courts!B:C,2,FALSE()) -> 11 | D5: =VLOOKUP(B:B,Courts!B:D,3,FALSE()) -> 0 | E5: =VLOOKUP(B:B,Courts!B:E,4,FALSE()) -> 0 | F5: 32 | G5: 0 | H5: 17 | I5: 0 | J5: 25 | K5: 1 | L5: 2 | M5: 0 | N5: 14 | O5: =SUM(J5:N5) -> 42 | P5: =F5+G5+H5+I5+J5+M5+N5 -> 88 | Q5: =C5*8 -> 88 | R5: =D5*8 -> 0 | S5: =E5*4 -> 0 | T5: =SUM(Q5:S5) -> 88 | U5: =P5-T5 -> 0 | V5: 0
A6: 5 | B6: Bathinda | C6: =VLOOKUP(B:B,Courts!B:C,2,FALSE()) -> 25 | D6: =VLOOKUP(B:B,Courts!B:D,3,FALSE()) -> 0 | E6: =VLOOKUP(B:B,Courts!B:E,4,FALSE()) -> 0 | F6: 72 | G6: 0 | H6: 23 | I6: 0 | J6: 56 | K6: 3 | L6: 3 | M6: 0 | N6: 17 | O6: =SUM(J6:N6) -> 79 | P6: =F6+G6+H6+I6+J6+M6+N6 -> 168 | Q6: =C6*8 -> 200 | R6: =D6*8 -> 0 | S6: =E6*4 -> 0 | T6: =SUM(Q6:S6) -> 200 | U6: =P6-T6 -> -32 | V6: -32
A7: 6 | B7: Talwandi Sabo | C7: =VLOOKUP(B:B,Courts!B:C,2,FALSE()) -> 6 | D7: =VLOOKUP(B:B,Courts!B:D,3,FALSE()) -> 0 | E7: =VLOOKUP(B:B,Courts!B:E,4,FALSE()) -> 1 | F7: 8 | G7: 0 | H7: 12 | I7: 0 | J7: 1 | K7: 1 | L7: 0 | M7: 4 | N7: 3 | O7: =SUM(J7:N7) -> 9 | P7: =F7+G7+H7+I7+J7+M7+N7 -> 28 | Q7: =C7*8 -> 48 | R7: =D7*8 -> 0 | S7: =E7*4 -> 4 | T7: =SUM(Q7:S7) -> 52 | U7: =P7-T7 -> -24 | V7: -24
A8: 7 | B8: Phul | C8: =VLOOKUP(B:B,Courts!B:C,2,FALSE()) -> 4 | D8: =VLOOKUP(B:B,Courts!B:D,3,FALSE()) -> 0 | E8: =VLOOKUP(B:B,Courts!B:E,4,FALSE()) -> 1 | F8: 8 | G8: 0 | H8: 6 | I8: 0 | J8: 0 | K8: 1 | L8: 0 | M8: 4 | N8: 3 | O8: =SUM(J8:N8) -> 8 | P8: =F8+G8+H8+I8+J8+M8+N8 -> 21 | Q8: =C8*8 -> 32 | R8: =D8*8 -> 0 | S8: =E8*4 -> 4 | T8: =SUM(Q8:S8) -> 36 | U8: =P8-T8 -> -15 | V8: -15
A9: 8 | B9: Faridkot | C9: =VLOOKUP(B:B,Courts!B:C,2,FALSE()) -> 12 | D9: =VLOOKUP(B:B,Courts!B:D,3,FALSE()) -> 0 | E9: =VLOOKUP(B:B,Courts!B:E,4,FALSE()) -> 0 | F9: 44 | G9: 0 | H9: 13 | I9: 0 | J9: 13 | K9: 3 | L9: 1 | M9: 0 | N9: 10 | O9: =SUM(J9:N9) -> 27 | P9: =F9+G9+H9+I9+J9+M9+N9 -> 80 | Q9: =C9*8 -> 96 | R9: =D9*8 -> 0 | S9: =E9*4 -> 0 | T9: =SUM(Q9:S9) -> 96 | U9: =P9-T9 -> -16 | V9: -16
A10: 9 | B10: Jaitu | C10: =VLOOKUP(B:B,Courts!B:C,2,FALSE()) -> 2 | D10: =VLOOKUP(B:B,Courts!B:D,3,FALSE()) -> 0 | E10: =VLOOKUP(B:B,Courts!B:E,4,FALSE()) -> 0 | F10: 4 | G10: 0 | H10: 1 | I10: 0 | J10: 2 | K10: 2 | L10: 0 | M10: 0 | N10: 1 | O10: =SUM(J10:N10) -> 5 | P10: =F10+G10+H10+I10+J10+M10+N10 -> 8 | Q10: =C10*8 -> 16 | R10: =D10*8 -> 0 | S10: =E10*4 -> 0 | T10: =SUM(Q10:S10) -> 16 | U10: =P10-T10 -> -8 | V10: -8
A11: 10 | B11: Fatehgarh Sahib | C11: =VLOOKUP(B:B,Courts!B:C,2,FALSE()) -> 11 | D11: =VLOOKUP(B:B,Courts!B:D,3,FALSE()) -> 0 | E11: =VLOOKUP(B:B,Courts!B:E,4,FALSE()) -> 0 | F11: 48 | G11: 0 | H11: 12 | I11: 0 | J11: 18 | K11: 3 | L11: 2 | M11: 4 | N11: 10 | O11: =SUM(J11:N11) -> 37 | P11: =F11+G11+H11+I11+J11+M11+N11 -> 92 | Q11: =C11*8 -> 88 | R11: =D11*8 -> 0 | S11: =E11*4 -> 0 | T11: =SUM(Q11:S11) -> 88 | U11: =P11-T11 -> 4 | V11: 0
A12: 11 | B12: Amloh | C12: =VLOOKUP(B:B,Courts!B:C,2,FALSE()) -> 4 | D12: =VLOOKUP(B:B,Courts!B:D,3,FALSE()) -> 0 | E12: =VLOOKUP(B:B,Courts!B:E,4,FALSE()) -> 1 | F12: 8 | G12: 0 | H12: 7 | I12: 0 | J12: 9 | K12: 1 | L12: 0 | M12: 4 | N12: 0 | O12: =SUM(J12:N12) -> 14 | P12: =F12+G12+H12+I12+J12+M12+N12 -> 28 | Q12: =C12*8 -> 32 | R12: =D12*8 -> 0 | S12: =E12*4 -> 4 | T12: =SUM(Q12:S12) -> 36 | U12: =P12-T12 -> -8 | V12: -4
A13: 12 | B13: Khamanon | C13: =VLOOKUP(B:B,Courts!B:C,2,FALSE()) -> 2 | D13: =VLOOKUP(B:B,Courts!B:D,3,FALSE()) -> 0 | E13: =VLOOKUP(B:B,Courts!B:E,4,FALSE()) -> 1 | F13: 4 | G13: 0 | H13: 6 | I13: 0 | J13: 6 | K13: 1 | L13: 0 | M13: 4 | N13: 0 | O13: =SUM(J13:N13) -> 11 | P13: =F13+G13+H13+I13+J13+M13+N13 -> 20 | Q13: =C13*8 -> 16 | R13: =D13*8 -> 0 | S13: =E13*4 -> 4 | T13: =SUM(Q13:S13) -> 20 | U13: =P13-T13 -> 0 | V13: 0
... A86: 85 | B86: Hansi | C86: =VLOOKUP(B:B,Courts!B:C,2,FALSE()) -> 3 | D86: =VLOOKUP(B:B,Courts!B:D,3,FALSE()) -> 1 | E86: =VLOOKUP(B:B,Courts!B:E,4,FALSE()) -> 1 | F86: 16 | G86: 0 | H86: 7 | I86: 0 | J86: 0 | K86: 2 | L86: 0 | M86: 4 | N86: 12 | O86: =SUM(J86:N86) -> 18 | P86: =F86+G86+H86+I86+J86+M86+N86 -> 39 | Q86: =C86*8 -> 24 | R86: =D86*8 -> 8 | S86: =E86*4 -> 4 | T86: =SUM(Q86:S86) -> 36 | U86: =P86-T86 -> 3 | V86: 0
A87: 86 | B87: Narnaud | C87: =VLOOKUP(B:B,Courts!B:C,2,FALSE()) -> 1 | D87: =VLOOKUP(B:B,Courts!B:D,3,FALSE()) -> 0 | E87: =VLOOKUP(B:B,Courts!B:E,4,FALSE()) -> 1 | F87: 0 | G87: 0 | H87: 0 | I87: 0 | J87: 0 | K87: 0 | L87: 0 | M87: 0 | N87: 0 | O87: 0 | P87: =F87+G87+H87+I87+J87+M87+N87 -> 0 | Q87: =C87*8 -> 8 | R87: =D87*8 -> 0 | S87: =E87*4 -> 4 | T87: =SUM(Q87:S87) -> 12 | U87: =P87-T87 -> -12
A88: 87 | B88: Barwala | C88: =VLOOKUP(B:B,Courts!B:C,2,FALSE()) -> 2 | D88: =VLOOKUP(B:B,Courts!B:D,3,FALSE()) -> 0 | E88: =VLOOKUP(B:B,Courts!B:E,4,FALSE()) -> 1 | F88: 0 | G88: 0 | H88: 0 | I88: 0 | J88: 0 | K88: 0 | L88: 0 | M88: 0 | N88: 0 | O88: 0 | P88: =F88+G88+H88+I88+J88+M88+N88 -> 0 | Q88: =C88*8 -> 16 | R88: =D88*8 -> 0 | S88: =E88*4 -> 4 | T88: =SUM(Q88:S88) -> 20 | U88: =P88-T88 -> -20
A89: 88 | B89: Jhajjar | C89: =VLOOKUP(B:B,Courts!B:C,2,FALSE()) -> 11 | D89: =VLOOKUP(B:B,Courts!B:D,3,FALSE()) -> 2 | E89: =VLOOKUP(B:B,Courts!B:E,4,FALSE()) -> 0 | F89: 60 | G89: 0 | H89: 11 | I89: 0 | J89: 0 | K89: 1 | L89: 1 | M89: 0 | N89: 31 | O89: =SUM(J89:N89) -> 33 | P89: =F89+G89+H89+I89+J89+M89+N89 -> 102 | Q89: =C89*8 -> 88 | R89: =D89*8 -> 16 | S89: =E89*4 -> 0 | T89: =SUM(Q89:S89) -> 104 | U89: =P89-T89 -> -2 | V89: -2
A90: 89 | B90: Bahadurgarh | C90: =VLOOKUP(B:B,Courts!B:C,2,FALSE()) -> 4 | D90: =VLOOKUP(B:B,Courts!B:D,3,FALSE()) -> 2 | E90: =VLOOKUP(B:B,Courts!B:E,4,FALSE()) -> 1 | F90: 20 | G90: 0 | H90: 9 | I90: 0 | J90: 3 | K90: 1 | L90: 0 | M90: 4 | N90: 16 | O90: =SUM(J90:N90) -> 24 | P90: =F90+G90+H90+I90+J90+M90+N90 -> 52 | Q90: =C90*8 -> 32 | R90: =D90*8 -> 16 | S90: =E90*4 -> 4 | T90: =SUM(Q90:S90) -> 52 | U90: =P90-T90 -> 0 | V90: 0
A91: 90 | B91: Jind | C91: =VLOOKUP(B:B,Courts!B:C,2,FALSE()) -> 10 | D91: =VLOOKUP(B:B,Courts!B:D,3,FALSE()) -> 3 | E91: =VLOOKUP(B:B,Courts!B:E,4,FALSE()) -> 0 | F91: 48 | G91: 0 | H91: 13 | I91: 0 | J91: 19 | K91: 5 | L91: 2 | M91: 0 | N91: 16 | O91: =SUM(J91:N91) -> 42 | P91: =F91+G91+H91+I91+J91+M91+N91 -> 96 | Q91: =C91*8 -> 80 | R91: =D91*8 -> 24 | S91: =E91*4 -> 0 | T91: =SUM(Q91:S91) -> 104 | U91: =P91-T91 -> -8 | V91: -8
A92: 91 | B92: Narwana | C92: =VLOOKUP(B:B,Courts!B:C,2,FALSE()) -> 2 | D92: =VLOOKUP(B:B,Courts!B:D,3,FALSE()) -> 1 | E92: =VLOOKUP(B:B,Courts!B:E,4,FALSE()) -> 1 | F92: 12 | G92: 0 | H92: 7 | I92: 0 | J92: 5 | K92: 1 | L92: 0 | M92: 4 | N92: 0 | O92: =SUM(J92:N92) -> 10 | P92: =F92+G92+H92+I92+J92+M92+N92 -> 28 | Q92: =C92*8 -> 16 | R92: =D92*8 -> 8 | S92: =E92*4 -> 4 | T92: =SUM(Q92:S92) -> 28 | U92: =P92-T92 -> 0 | V92: 0
A93: 92 | B93: Safidon | C93: =VLOOKUP(B:B,Courts!B:C,2,FALSE()) -> 2 | D93: =VLOOKUP(B:B,Courts!B:D,3,FALSE()) -> 1 | E93: =VLOOKUP(B:B,Courts!B:E,4,FALSE()) -> 1 | F93: 8 | G93: 0 | H93: 6 | I93: 0 | J93: 2 | K93: 1 | L93: 0 | M93: 4 | N93: 0 | O93: =SUM(J93:N93) -> 7 | P93: =F93+G93+H93+I93+J93+M93+N93 -> 20 | Q93: =C93*8 -> 16 | R93: =D93*8 -> 8 | S93: =E93*4 -> 4 | T93: =SUM(Q93:S93) -> 28 | U93: =P93-T93 -> -8 | V93: -8
A94: 93 | B94: Kaithal | C94: =VLOOKUP(B:B,Courts!B:C,2,FALSE()) -> 15 | D94: =VLOOKUP(B:B,Courts!B:D,3,FALSE()) -> 4 | E94: =VLOOKUP(B:B,Courts!B:E,4,FALSE()) -> 0 | F94: 56 | G94: 0 | H94: 13 | I94: 0 | J94: 12 | K94: 3 | L94: 2 | M94: 0 | N94: 47 | O94: =SUM(J94:N94) -> 64 | P94: =F94+G94+H94+I94+J94+M94+N94 -> 128 | Q94: =C94*8 -> 120 | R94: =D94*8 -> 32 | S94: =E94*4 -> 0 | T94: =SUM(Q94:S94) -> 152 | U94: =P94-T94 -> -24 | V94: -24
A95: 94 | B95: Guhla | C95: =VLOOKUP(B:B,Courts!B:C,2,FALSE()) -> 2 | D95: =VLOOKUP(B:B,Courts!B:D,3,FALSE()) -> 0 | E95: =VLOOKUP(B:B,Courts!B:E,4,FALSE()) -> 1 | F95: 4 | G95: 0 | H95: 6 | I95: 0 | J95: 4 | K95: 1 | L95: 0 | M95: 4 | N95: 2 | O95: =SUM(J95:N95) -> 11 | P95: =F95+G95+H95+I95+J95+M95+N95 -> 20 | Q95: =C95*8 -> 16 | R95: =D95*8 -> 0 | S95: =E95*4 -> 4 | T95: =SUM(Q95:S95) -> 20 | U95: =P95-T95 -> 0 | V95: 0
A96: 95 | B96: Karnal | C96: =VLOOKUP(B:B,Courts!B:C,2,FALSE()) -> 26 | D96: =VLOOKUP(B:B,Courts!B:D,3,FALSE()) -> 7 | E96: =VLOOKUP(B:B,Courts!B:E,4,FALSE()) -> 0 | F96: 92 | G96: 0 | H96: 19 | I96: 0 | J96: 1 | K96: 5 | L96: 2 | M96: 0 | N96: 120 | O96: =SUM(J96:N96) -> 128 | P96: =F96+G96+H96+I96+J96+M96+N96 -> 232 | Q96: =C96*8 -> 208 | R96: =D96*8 -> 56 | S96: =E96*4 -> 0 | T96: =SUM(Q96:S96) -> 264 | U96: =P96-T96 -> -32 | V96: -28
A97: 96 | B97: Assandh | C97: =VLOOKUP(B:B,Courts!B:C,2,FALSE()) -> 2 | D97: =VLOOKUP(B:B,Courts!B:D,3,FALSE()) -> 0 | E97: =VLOOKUP(B:B,Courts!B:E,4,FALSE()) -> 1 | F97: 8 | G97: 0 | H97: 6 | I97: 0 | J97: 0 | K97: 2 | L97: 0 | M97: 4 | N97: 10 | O97: =SUM(J97:N97) -> 16 | P97: =F97+G97+H97+I97+J97+M97+N97 -> 28 | Q97: =C97*8 -> 16 | R97: =D97*8 -> 0 | S97: =E97*4 -> 4 | T97: =SUM(Q97:S97) -> 20 | U97: =P97-T97 -> 8 | V97: 0
A98: 97 | B98: Gharaunda | C98: =VLOOKUP(B:B,Courts!B:C,2,FALSE()) -> 1 | D98: =VLOOKUP(B:B,Courts!B:D,3,FALSE()) -> 0 | E98: =VLOOKUP(B:B,Courts!B:E,4,FALSE()) -> 0 | F98: 0 | G98: 0 | H98: 0 | I98: 0 | J98: 0 | K98: 0 | L98: 0 | M98: 0 | N98: 0 | O98: =SUM(J98:N98) -> 0 | P98: =F98+G98+H98+I98+J98+M98+N98 -> 0 | Q98: =C98*8 -> 8 | R98: =D98*8 -> 0 | S98: =E98*4 -> 0 | T98: =SUM(Q98:S98) -> 8 | U98: =P98-T98 -> -8 | V98: 0
A99: 98 | B99: Indri | C99: =VLOOKUP(B:B,Courts!B:C,2,FALSE()) -> 1 | D99: =VLOOKUP(B:B,Courts!B:D,3,FALSE()) -> 0 | E99: =VLOOKUP(B:B,Courts!B:E,4,FALSE()) -> 1 | F99: 4 | G99: 0 | H99: 6 | I99: 0 | J99: 6 | K99: 2 | L99: 0 | M99: 0 | N99: 0 | O99: =SUM(J99:N99) -> 8 | P99: =F99+G99+H99+I99+J99+M99+N99 -> 16 | Q99: =C99*8 -> 8 | R99: =D99*8 -> 0 | S99: =E99*4 -> 4 | T99: =SUM(Q99:S99) -> 12 | U99: =P99-T99 -> 4 | V99: 0
A100: 99 | B100: Kurukshetra | C100: =VLOOKUP(B:B,Courts!B:C,2,FALSE()) -> 15 | D100: =VLOOKUP(B:B,Courts!B:D,3,FALSE()) -> 1 | E100: =VLOOKUP(B:B,Courts!B:E,4,FALSE()) -> 0 | F100: 60 | G100: 0 | H100: 17 | I100: 0 | J100: 26 | K100: 3 | L100: 2 | M100: 0 | N100: 41 | O100: =SUM(J100:N100) -> 72 | P100: =F100+G100+H100+I100+J100+M100+N100 -> 144 | Q100: =C100*8 -> 120 | R100: =D100*8 -> 8 | S100: =E100*4 -> 0 | T100: =SUM(Q100:S100) -> 128 | U100: =P100-T100 -> 16 | V100: 0
... A131: 130 | B131: Bilaspur | C131: =VLOOKUP(B:B,Courts!B:C,2,FALSE()) -> 4 | D131: =VLOOKUP(B:B,Courts!B:D,3,FALSE()) -> 2 | E131: =VLOOKUP(B:B,Courts!B:E,4,FALSE()) -> 1 | F131: 16 | G131: 0 | H131: 8 | I131: 0 | J131: 0 | K131: 1 | L131: 0 | M131: 4 | N131: 22 | O131: =SUM(J131:N131) -> 27 | P131: =F131+G131+H131+I131+J131+M131+N131 -> 50 | Q131: =C131*8 -> 32 | R131: =D131*8 -> 16 | S131: =E131*4 -> 4 | T131: =SUM(Q131:S131) -> 52 | U131: =P131-T131 -> -2 | V131: 0
B133: Total | C133: =SUM(C2:C132) -> 1147 | D133: =SUM(D2:D132) -> 108 | E133: =SUM(E2:E132) -> 81 | F133: =SUM(F2:F132) -> 3784 | G133: =SUM(G2:G132) -> 1 | H133: =SUM(H2:H132) -> 1524 | I133: =SUM(I2:I132) -> 18 | J133: =SUM(J2:J132) -> 1422 | ... V133: =SUM(V2:V132) -> -1489
A135: 1 | B135: Punjab | C135: =SUM(C2:C69) -> 640 | D135: =SUM(D2:D69) -> 0 | E135: =SUM(E2:E69) -> 45 | F135: =SUM(F2:F69) -> 1944 | G135: =SUM(G2:G69) -> 0 | H135: =SUM(H2:H69) -> 840 | I135: =SUM(I2:I69) -> 9 | J135: =SUM(J2:J69) -> 998 | ... V135: =SUM(V2:V69) -> -890
A136: 2 | B136: Haryana | C136: =SUM(C71:C131) -> 479 | D136: =SUM(D71:D131) -> 108 | E136: =SUM(E71:E131) -> 36 | F136: =SUM(F71:F131) -> 1724 | G136: =SUM(G71:G131) -> 1 | H136: =SUM(H71:H131) -> 657 | I136: =SUM(I71:I131) -> 6 | J136: =SUM(J71:J131) -> 420 | ... V136: =SUM(V71:V131) -> -599
A137: 3 | B137: Chandigarh | C137: =SUM(C70) -> 28 | D137: =SUM(D70) -> 0 | E137: =SUM(E70) -> 0 | F137: =SUM(F70) -> 116 | G137: =SUM(G70) -> 0 | H137: =SUM(H70) -> 27 | I137: =SUM(I70) -> 3 | J137: =SUM(J70) -> 4 | ... V137: =SUM(V70) -> 0
B138: Total | C138: =SUM(C135:C137) -> 1147 | D138: =SUM(D135:D137) -> 108 | E138: =SUM(E135:E137) -> 81 | F138: =SUM(F135:F137) -> 3784 | G138: =SUM(G135:G137) -> 1 | H138: =SUM(H135:H137) -> 1524 | I138: =SUM(I135:I137) -> 18 | J138: =SUM(J135:J137) -> 1422 | ... V138: =SUM(V135:V137) -> -1489

Sheet DLP
A1: Sr. No. | B1: Sessions Division/Sub-Division | C1: Total number of working Court including family Courts (excluding Officers working as Secy, DLSA, ADJ/ ACJ as Spl. Judge, CBI Court & SJM, POIT/ Special Tribunal) as on 28.11.2025 | D1: Number of family Camp Court/ Gram Nyayalaya updated as on 28.11.2025 | E1: TJOs | F1: AMC 2014 (HP - 1566) | G1: AMC 2014 (HP - 1022) | H1: AMC 2014 Samsung ML 2161 | I1: 2016 (Actual) | J1: AMC - faulty | K1: (Qty.) 2016- Under AMC | L1: (Qty.) 2020 - Under warranty | M1: (Qty.) 2025 - Admn work | N1: (Qty.) 2025 - Court use | O1: Total available (under warranty & AMC) | P1: Requirement 2 per Court | Q1: NO DLP for family camp Court as per new norms | R1: Total Requirement for Courts | S1: Shortfall (-) / Surplus (+) | T1: Req after adjustment within District
A2: 1 | B2: Amritsar | C2: =VLOOKUP(B:B,Courts!B:C,2,FALSE()) -> 48 | D2: =VLOOKUP(B:B,Courts!B:E,4,FALSE()) -> 0 | E2: =VLOOKUP(B:B,Courts!B:D,3,FALSE()) -> 0 | F2: 28 | G2: 1 | H2: 24 | I2: 68 | K2: =I2-J2 -> 68 | L2: 16 | M2: 39 | N2: 6 | O2: =K2+L2+N2 -> 90 | P2: =SUM(C2+E2)*2 -> 96 | Q2: =D2*1 -> 0 | R2: =SUM(P2:Q2) -> 96 | S2: =O2-R2 -> -6 | T2: 5
A3: 2 | B3: Ajnala | C3: =VLOOKUP(B:B,Courts!B:C,2,FALSE()) -> 5 | D3: =VLOOKUP(B:B,Courts!B:E,4,FALSE()) -> 1 | E3: =VLOOKUP(B:B,Courts!B:D,3,FALSE()) -> 0 | I3: 8 | K3: =I3-J3 -> 8 | L3: 3 | M3: 3 | N3: 0 | O3: =K3+L3+N3 -> 11 | P3: =SUM(C3+E3)*2 -> 10 | Q3: 0 | R3: =SUM(P3:Q3) -> 10 | S3: =O3-R3 -> 1 | T3: =IF(S3<0, -S3, 0) -> 0
A4: 3 | B4: Baba Bakala | C4: =VLOOKUP(B:B,Courts!B:C,2,FALSE()) -> 4 | D4: =VLOOKUP(B:B,Courts!B:E,4,FALSE()) -> 1 | E4: =VLOOKUP(B:B,Courts!B:D,3,FALSE()) -> 0 | F4: 2 | I4: 2 | K4: =I4-J4 -> 2 | L4: 5 | M4: 4 | N4: 1 | O4: =K4+L4+N4 -> 8 | P4: =SUM(C4+E4)*2 -> 8 | Q4: 0 | R4: =SUM(P4:Q4) -> 8 | S4: =O4-R4 -> 0 | T4: =IF(S4<0, -S4, 0) -> 0
A5: 4 | B5: Barnala | C5: =VLOOKUP(B:B,Courts!B:C,2,FALSE()) -> 11 | D5: =VLOOKUP(B:B,Courts!B:E,4,FALSE()) -> 0 | E5: =VLOOKUP(B:B,Courts!B:D,3,FALSE()) -> 0 | F5: 14 | I5: 16 | J5: 1 | K5: =I5-J5 -> 15 | L5: 9 | M5: 13 | N5: 2 | O5: =K5+L5+N5 -> 26 | P5: =SUM(C5+E5)*2 -> 22 | Q5: 0 | R5: =SUM(P5:Q5) -> 22 | S5: =O5-R5 -> 4 | T5: =IF(S5<0, -S5, 0) -> 0
A6: 5 | B6: Bathinda | C6: =VLOOKUP(B:B,Courts!B:C,2,FALSE()) -> 25 | D6: =VLOOKUP(B:B,Courts!B:E,4,FALSE()) -> 0 | E6: =VLOOKUP(B:B,Courts!B:D,3,FALSE()) -> 0 | F6: 17 | I6: 36 | K6: =I6-J6 -> 36 | L6: 11 | M6: 25 | N6: 7 | O6: =K6+L6+N6 -> 54 | P6: =SUM(C6+E6)*2 -> 50 | Q6: 0 | R6: =SUM(P6:Q6) -> 50 | S6: =O6-R6 -> 4 | T6: =IF(S6<0, -S6, 0) -> 0
A7: 6 | B7: Talwandi Sabo | C7: =VLOOKUP(B:B,Courts!B:C,2,FALSE()) -> 6 | D7: =VLOOKUP(B:B,Courts!B:E,4,FALSE()) -> 1 | E7: =VLOOKUP(B:B,Courts!B:D,3,FALSE()) -> 0 | F7: 2 | I7: 4 | J7: 2 | K7: =I7-J7 -> 2 | L7: 5 | M7: 4 | N7: 5 | O7: =K7+L7+N7 -> 12 | P7: =SUM(C7+E7)*2 -> 12 | Q7: 0 | R7: =SUM(P7:Q7) -> 12 | S7: =O7-R7 -> 0 | T7: =IF(S7<0, -S7, 0) -> 0
A8: 7 | B8: Phul | C8: =VLOOKUP(B:B,Courts!B:C,2,FALSE()) -> 4 | D8: =VLOOKUP(B:B,Courts!B:E,4,FALSE()) -> 1 | E8: =VLOOKUP(B:B,Courts!B:D,3,FALSE()) -> 0 | F8: 2 | I8: 4 | K8: =I8-J8 -> 4 | L8: 3 | M8: 2 | N8: 3 | O8: =K8+L8+N8 -> 10 | P8: =SUM(C8+E8)*2 -> 8 | Q8: 0 | R8: =SUM(P8:Q8) -> 8 | S8: =O8-R8 -> 2 | T8: =IF(S8<0, -S8, 0) -> 0
A9: 8 | B9: Faridkot | C9: =VLOOKUP(B:B,Courts!B:C,2,FALSE()) -> 12 | D9: =VLOOKUP(B:B,Courts!B:E,4,FALSE()) -> 0 | E9: =VLOOKUP(B:B,Courts!B:D,3,FALSE()) -> 0 | F9: 10 | I9: 22 | K9: =I9-J9 -> 22 | L9: 5 | M9: 14 | N9: 0 | O9: =K9+L9+N9 -> 27 | P9: =SUM(C9+E9)*2 -> 24 | Q9: 0 | R9: =SUM(P9:Q9) -> 24 | S9: =O9-R9 -> 3 | T9: =IF(S9<0, -S9, 0) -> 0
A10: 9 | B10: Jaitu | C10: =VLOOKUP(B:B,Courts!B:C,2,FALSE()) -> 2 | D10: =VLOOKUP(B:B,Courts!B:E,4,FALSE()) -> 0 | E10: =VLOOKUP(B:B,Courts!B:D,3,FALSE()) -> 0 | F10: 1 | I10: 2 | J10: 2 | K10: =I10-J10 -> 0 | L10: 0 | M10: 4 | N10: 4 | O10: =K10+L10+N10 -> 4 | P10: =SUM(C10+E10)*2 -> 4 | Q10: 0 | R10: =SUM(P10:Q10) -> 4 | S10: =O10-R10 -> 0 | T10: =IF(S10<0, -S10, 0) -> 0
A11: 10 | B11: Fatehgarh Sahib | C11: =VLOOKUP(B:B,Courts!B:C,2,FALSE()) -> 11 | D11: =VLOOKUP(B:B,Courts!B:E,4,FALSE()) -> 0 | E11: =VLOOKUP(B:B,Courts!B:D,3,FALSE()) -> 0 | F11: 12 | I11: 24 | J11: 6 | K11: =I11-J11 -> 18 | L11: 5 | M11: 13 | N11: 1 | O11: =K11+L11+N11 -> 24 | P11: =SUM(C11+E11)*2 -> 22 | Q11: 0 | R11: =SUM(P11:Q11) -> 22 | S11: =O11-R11 -> 2 | T11: =IF(S11<0, -S11, 0) -> 0
A12: 11 | B12: Amloh | C12: =VLOOKUP(B:B,Courts!B:C,2,FALSE()) -> 4 | D12: =VLOOKUP(B:B,Courts!B:E,4,FALSE()) -> 1 | E12: =VLOOKUP(B:B,Courts!B:D,3,FALSE()) -> 0 | I12: 4 | K12: =I12-J12 -> 4 | L12: 3 | M12: 2 | N12: 3 | O12: =K12+L12+N12 -> 10 | P12: =SUM(C12+E12)*2 -> 8 | Q12: 0 | R12: =SUM(P12:Q12) -> 8 | S12: =O12-R12 -> 2 | T12: =IF(S12<0, -S12, 0) -> 0
A13: 12 | B13: Khamanon | C13: =VLOOKUP(B:B,Courts!B:C,2,FALSE()) -> 2 | D13: =VLOOKUP(B:B,Courts!B:E,4,FALSE()) -> 1 | E13: =VLOOKUP(B:B,Courts!B:D,3,FALSE()) -> 0 | I13: 2 | J13: 1 | K13: =I13-J13 -> 1 | L13: 3 | M13: 3 | N13: 0 | O13: =K13+L13+N13 -> 4 | P13: =SUM(C13+E13)*2 -> 4 | Q13: 0 | R13: =SUM(P13:Q13) -> 4 | S13: =O13-R13 -> 0 | T13: 0
A14: 13 | B14: Fazilka | C14: =VLOOKUP(B:B,Courts!B:C,2,FALSE()) -> 12 | D14: =VLOOKUP(B:B,Courts!B:E,4,FALSE()) -> 0 | E14: =VLOOKUP(B:B,Courts!B:D,3,FALSE()) -> 0 | F14: 4 | I14: 18 | K14: =I14-J14 -> 18 | L14: 7 | M14: 16 | N14: 1 | O14: =K14+L14+N14 -> 26 | P14: =SUM(C14+E14)*2 -> 24 | Q14: 0 | R14: =SUM(P14:Q14) -> 24 | S14: =O14-R14 -> 2 | T14: =IF(S14<0, -S14, 0) -> 0
A15: 14 | B15: Abohar | C15: =VLOOKUP(B:B,Courts!B:C,2,FALSE()) -> 7 | D15: =VLOOKUP(B:B,Courts!B:E,4,FALSE()) -> 1 | E15: =VLOOKUP(B:B,Courts!B:D,3,FALSE()) -> 0 | F15: 2 | I15: 8 | K15: =I15-J15 -> 8 | L15: 7 | M15: 3 | N15: 0 | O15: =K15+L15+N15 -> 15 | P15: =SUM(C15+E15)*2 -> 14 | Q15: 0 | R15: =SUM(P15:Q15) -> 14 | S15: =O15-R15 -> 1 | T15: =IF(S15<0, -S15, 0) -> 0
A16: 15 | B16: Jalalabad | C16: =VLOOKUP(B:B,Courts!B:C,2,FALSE()) -> 4 | D16: =VLOOKUP(B:B,Courts!B:E,4,FALSE()) -> 1 | E16: =VLOOKUP(B:B,Courts!B:D,3,FALSE()) -> 0 | F16: 2 | I16: 4 | K16: =I16-J16 -> 4 | L16: 1 | M16: 4 | N16: 3 | O16: =K16+L16+N16 -> 8 | P16: =SUM(C16+E16)*2 -> 8 | Q16: 0 | R16: =SUM(P16:Q16) -> 8 | S16: =O16-R16 -> 0 | T16: 0
A17: 16 | B17: Ferozepur | C17: =VLOOKUP(B:B,Courts!B:C,2,FALSE()) -> 16 | D17: =VLOOKUP(B:B,Courts!B:E,4,FALSE()) -> 0 | E17: =VLOOKUP(B:B,Courts!B:D,3,FALSE()) -> 0 | F17: 9 | I17: 32 | J17: 5 | K17: =I17-J17 -> 27 | L17: 6 | M17: 20 | N17: 1 | O17: =K17+L17+N17 -> 34 | P17: =SUM(C17+E17)*2 -> 32 | Q17: 0 | R17: =SUM(P17:Q17) -> 32 | S17: =O17-R17 -> 2 | T17: =IF(S17<0, -S17, 0) -> 0
A18: 17 | B18: Guruharsahai | C18: =VLOOKUP(B:B,Courts!B:C,2,FALSE()) -> 3 | D18: =VLOOKUP(B:B,Courts!B:E,4,FALSE()) -> 1 | E18: =VLOOKUP(B:B,Courts!B:D,3,FALSE()) -> 0 | F18: 3 | I18: 4 | J18: 2 | K18: =I18-J18 -> 2 | L18: 1 | M18: 4 | N18: 3 | O18: =K18+L18+N18 -> 6 | P18: =SUM(C18+E18)*2 -> 6 | Q18: 0 | R18: =SUM(P18:Q18) -> 6 | S18: =O18-R18 -> 0 | T18: 0
A19: 18 | B19: Zira | C19: =VLOOKUP(B:B,Courts!B:C,2,FALSE()) -> 3 | D19: =VLOOKUP(B:B,Courts!B:E,4,FALSE()) -> 1 | E19: =VLOOKUP(B:B,Courts!B:D,3,FALSE()) -> 0 | F19: 2 | I19: 6 | J19: 1 | K19: =I19-J19 -> 5 | L19: 1 | M19: 2 | N19: 2 | O19: =K19+L19+N19 -> 8 | P19: =SUM(C19+E19)*2 -> 6 | Q19: 0 | R19: =SUM(P19:Q19) -> 6 | S19: =O19-R19 -> 2 | T19: =IF(S19<0, -S19, 0) -> 0
A20: 19 | B20: Gurdaspur | C20: =VLOOKUP(B:B,Courts!B:C,2,FALSE()) -> 18 | D20: =VLOOKUP(B:B,Courts!B:E,4,FALSE()) -> 0 | E20: =VLOOKUP(B:B,Courts!B:D,3,FALSE()) -> 0 | F20: 18 | I20: 34 | K20: =I20-J20 -> 34 | L20: 7 | M20: 18 | N20: 0 | O20: =K20+L20+N20 -> 41 | P20: =SUM(C20+E20)*2 -> 36 | Q20: 0 | R20: =SUM(P20:Q20) -> 36 | S20: =O20-R20 -> 5 | T20: =IF(S20<0, -S20, 0) -> 0
A21: 20 | B21: Batala | C21: =VLOOKUP(B:B,Courts!B:C,2,FALSE()) -> 9 | D21: =VLOOKUP(B:B,Courts!B:E,4,FALSE()) -> 1 | E21: =VLOOKUP(B:B,Courts!B:D,3,FALSE()) -> 0 | F21: 7 | I21: 14 | K21: =I21-J21 -> 14 | L21: 5 | M21: 5 | N21: 0 | O21: =K21+L21+N21 -> 19 | P21: =SUM(C21+E21)*2 -> 18 | Q21: 0 | R21: =SUM(P21:Q21) -> 18 | S21: =O21-R21 -> 1 | T21: =IF(S21<0, -S21, 0) -> 0
A22: 21 | B22: Hoshiarpur | C22: =VLOOKUP(B:B,Courts!B:C,2,FALSE()) -> 19 | D22: =VLOOKUP(B:B,Courts!B:E,4,FALSE()) -> 0 | E22: =VLOOKUP(B:B,Courts!B:D,3,FALSE()) -> 0 | F22: 11 | I22: 36 | J22: 2 | K22: =I22-J22 -> 34 | L22: 7 | M22: 16 | N22: 1 | O22: =K22+L22+N22 -> 42 | P22: =SUM(C22+E22)*2 -> 38 | Q22: 0 | R22: =SUM(P22:Q22) -> 38 | S22: =O22-R22 -> 4 | T22: =IF(S22<0, -S22, 0) -> 0
A23: 22 | B23: Dasuya | C23: =VLOOKUP(B:B,Courts!B:C,2,FALSE()) -> 4 | D23: =VLOOKUP(B:B,Courts!B:E,4,FALSE()) -> 1 | E23: =VLOOKUP(B:B,Courts!B:D,3,FALSE()) -> 0 | F23: 2 | I23: 10 | J23: 3 | K23: =I23-J23 -> 7 | L23: 3 | M23: 2 | N23: 0 | O23: =K23+L23+N23 -> 10 | P23: =SUM(C23+E23)*2 -> 8 | Q23: 0 | R23: =SUM(P23:Q23) -> 8 | S23: =O23-R23 -> 2 | T23: =IF(S23<0, -S23, 0) -> 0
A24: 23 | B24: Mukerian | C24: =VLOOKUP(B:B,Courts!B:C,2,FALSE()) -> 3 | D24: =VLOOKUP(B:B,Courts!B:E,4,FALSE()) -> 1 | E24: =VLOOKUP(B:B,Courts!B:D,3,FALSE()) -> 0 | F24: 1 | I24: 4 | K24: =I24-J24 -> 4 | L24: 3 | M24: 2 | N24: 1 | O24: =K24+L24+N24 -> 8 | P24: =SUM(C24+E24)*2 -> 6 | Q24: 0 | R24: =SUM(P24:Q24) -> 6 | S24: =O24-R24 -> 2 | T24: =IF(S24<0, -S24, 0) -> 0
A25: 24 | B25: Garhshankar | C25: =VLOOKUP(B:B,Courts!B:C,2,FALSE()) -> 3 | D25: =VLOOKUP(B:B,Courts!B:E,4,FALSE()) -> 1 | E25: =VLOOKUP(B:B,Courts!B:D,3,FALSE()) -> 0 | F25: 2 | I25: 6 | K25: =I25-J25 -> 6 | L25: 3 | M25: 0 | N25: 0 | O25: =K25+L25+N25 -> 9 | P25: =SUM(C25+E25)*2 -> 6 | Q25: 0 | R25: =SUM(P25:Q25) -> 6 | S25: =O25-R25 -> 3 | T25: =IF(S25<0, -S25, 0) -> 0
A26: 25 | B26: Jalandhar | C26: =VLOOKUP(B:B,Courts!B:C,2,FALSE()) -> 45 | D26: =VLOOKUP(B:B,Courts!B:E,4,FALSE()) -> 0 | E26: =VLOOKUP(B:B,Courts!B:D,3,FALSE()) -> 0 | F26: 50 | I26: 66 | J26: 5 | K26: =I26-J26 -> 61 | L26: 31 | M26: 30 | N26: 0 | O26: =K26+L26+N26 -> 92 | P26: =SUM(C26+E26)*2 -> 90 | Q26: 0 | R26: =SUM(P26:Q26) -> 90 | S26: =O26-R26 -> 2 | T26: =IF(S26<0, -S26, 0) -> 0
A27: 26 | B27: Nakodar | C27: =VLOOKUP(B:B,Courts!B:C,2,FALSE()) -> 3 | D27: =VLOOKUP(B:B,Courts!B:E,4,FALSE()) -> 1 | E27: =VLOOKUP(B:B,Courts!B:D,3,FALSE()) -> 0 | F27: 2 | I27: 8 | K27: =I27-J27 -> 8 | L27: 3 | M27: 0 | N27: 0 | O27: =K27+L27+N27 -> 11 | P27: =SUM(C27+E27)*2 -> 6 | Q27: 0 | R27: =SUM(P27:Q27) -> 6 | S27: =O27-R27 -> 5 | T27: =IF(S27<0, -S27, 0) -> 0
A28: 27 | B28: Phillaur | C28: =VLOOKUP(B:B,Courts!B:C,2,FALSE()) -> 5 | D28: =VLOOKUP(B:B,Courts!B:E,4,FALSE()) -> 1 | E28: =VLOOKUP(B:B,Courts!B:D,3,FALSE()) -> 0 | F28: 3 | I28: 8 | J28: 2 | K28: =I28-J28 -> 6 | L28: 4 | M28: 2 | N28: 2 | O28: =K28+L28+N28 -> 12 | P28: =SUM(C28+E28)*2 -> 10 | Q28: 0 | R28: =SUM(P28:Q28) -> 10 | S28: =O28-R28 -> 2 | T28: =IF(S28<0, -S28, 0) -> 0
A29: 28 | B29: Kapurthala | C29: =VLOOKUP(B:B,Courts!B:C,2,FALSE()) -> 10 | D29: =VLOOKUP(B:B,Courts!B:E,4,FALSE()) -> 0 | E29: =VLOOKUP(B:B,Courts!B:D,3,FALSE()) -> 0 | F29: 13 | H29: 5 | I29: 24 | K29: =I29-J29 -> 24 | L29: 6 | M29: 5 | N29: 0 | O29: =K29+L29+N29 -> 30 | P29: =SUM(C29+E29)*2 -> 20 | Q29: 0 | R29: =SUM(P29:Q29) -> 20 | S29: =O29-R29 -> 10 | T29: =IF(S29<0, -S29, 0) -> 0
A30: 29 | B30: Phagwara | C30: =VLOOKUP(B:B,Courts!B:C,2,FALSE()) -> 4 | D30: =VLOOKUP(B:B,Courts!B:E,4,FALSE()) -> 1 | E30: =VLOOKUP(B:B,Courts!B:D,3,FALSE()) -> 0 | F30: 3 | I30: 8 | K30: =I30-J30 -> 8 | L30: 2 | M30: 2 | N30: 0 | O30: =K30+L30+N30 -> 10 | P30: =SUM(C30+E30)*2 -> 8 | Q30: 0 | R30: =SUM(P30:Q30) -> 8 | S30: =O30-R30 -> 2 | T30: =IF(S30<0, -S30, 0) -> 0
A31: 30 | B31: Sultanpur Lodhi | C31: =VLOOKUP(B:B,Courts!B:C,2,FALSE()) -> 3 | D31: =VLOOKUP(B:B,Courts!B:E,4,FALSE()) -> 1 | E31: =VLOOKUP(B:B,Courts!B:D,3,FALSE()) -> 0 | F31: 1 | I31: 4 | K31: =I31-J31 -> 4 | L31: 1 | M31: 4 | N31: 1 | O31: =K31+L31+N31 -> 6 | P31: =SUM(C31+E31)*2 -> 6 | Q31: 0 | R31: =SUM(P31:Q31) -> 6 | S31: =O31-R31 -> 0 | T31: 0
A32: 31 | B32: Bholath | C32: =VLOOKUP(B:B,Courts!B:C,2,FALSE()) -> 1 | D32: =VLOOKUP(B:B,Courts!B:E,4,FALSE()) -> 1 | E32: =VLOOKUP(B:B,Courts!B:D,3,FALSE()) -> 0 | I32: 0 | K32: =I32-J32 -> 0 | L32: 2 | M32: 4 | N32: 2 | O32: =K32+L32+N32 -> 4 | P32: =SUM(C32+E32)*2 -> 2 | Q32: 0 | R32: =SUM(P32:Q32) -> 2 | S32: =O32-R32 -> 2 | T32: 0
A33: 32 | B33: Ludhiana | C33: =VLOOKUP(B:B,Courts!B:C,2,FALSE()) -> 73 | D33: =VLOOKUP(B:B,Courts!B:E,4,FALSE()) -> 0 | E33: =VLOOKUP(B:B,Courts!B:D,3,FALSE()) -> 0 | F33: 55 | I33: 112 | J33: 6 | K33: =I33-J33 -> 106 | L33: 30 | M33: 46 | N33: 14 | O33: =K33+L33+N33 -> 150 | P33: =SUM(C33+E33)*2 -> 146 | Q33: 0 | R33: =SUM(P33:Q33) -> 146 | S33: =O33-R33 -> 4 | T33: =IF(S33<0, -S33, 0) -> 0
A34: 33 | B34: Samrala | C34: =VLOOKUP(B:B,Courts!B:C,2,FALSE()) -> 3 | D34: =VLOOKUP(B:B,Courts!B:E,4,FALSE()) -> 1 | E34: =VLOOKUP(B:B,Courts!B:D,3,FALSE()) -> 0 | I34: 4 | J34: 1 | K34: =I34-J34 -> 3 | L34: 5 | M34: 2 | N34: 0 | O34: =K34+L34+N34 -> 8 | P34: =SUM(C34+E34)*2 -> 6 | Q34: 0 | R34: =SUM(P34:Q34) -> 6 | S34: =O34-R34 -> 2 | T34: =IF(S34<0, -S34, 0) -> 0
A35: 34 | B35: Khanna | C35: =VLOOKUP(B:B,Courts!B:C,2,FALSE()) -> 4 | D35: =VLOOKUP(B:B,Courts!B:E,4,FALSE()) -> 1 | E35: =VLOOKUP(B:B,Courts!B:D,3,FALSE()) -> 0 | I35: 6 | J35: 3 | K35: =I35-J35 -> 3 | L35: 6 | M35: 3 | N35: 0 | O35: =K35+L35+N35 -> 9 | P35: =SUM(C35+E35)*2 -> 8 | Q35: 0 | R35: =SUM(P35:Q35) -> 8 | S35: =O35-R35 -> 1 | T35: =IF(S35<0, -S35, 0) -> 0
A36: 35 | B36: Jagraon | C36: =VLOOKUP(B:B,Courts!B:C,2,FALSE()) -> 6 | D36: =VLOOKUP(B:B,Courts!B:E,4,FALSE()) -> 1 | E36: =VLOOKUP(B:B,Courts!B:D,3,FALSE()) -> 0 | I36: 10 | K36: =I36-J36 -> 10 | L36: 4 | M36: 2 | N36: 0 | O36: =K36+L36+N36 -> 14 | P36: =SUM(C36+E36)*2 -> 12 | Q36: 0 | R36: =SUM(P36:Q36) -> 12 | S36: =O36-R36 -> 2 | T36: =IF(S36<0, -S36, 0) -> 0
A37: 36 | B37: Payal | C37: =VLOOKUP(B:B,Courts!B:C,2,FALSE()) -> 3 | D37: =VLOOKUP(B:B,Courts!B:E,4,FALSE()) -> 1 | E37: =VLOOKUP(B:B,Courts!B:D,3,FALSE()) -> 0 | I37: 6 | K37: =I37-J37 -> 6 | L37: 3 | M37: 1 | N37: 0 | O37: =K37+L37+N37 -> 9 | P37: =SUM(C37+E37)*2 -> 6 | Q37: 0 | R37: =SUM(P37:Q37) -> 6 | S37: =O37-R37 -> 3 | T37: =IF(S37<0, -S37, 0) -> 0
A38: 37 | B38: Mansa | C38: =VLOOKUP(B:B,Courts!B:C,2,FALSE()) -> 10 | D38: =VLOOKUP(B:B,Courts!B:E,4,FALSE()) -> 0 | E38: =VLOOKUP(B:B,Courts!B:D,3,FALSE()) -> 0 | F38: 8 | I38: 16 | J38: 2 | K38: =I38-J38 -> 14 | L38: 4 | M38: 17 | N38: 2 | O38: =K38+L38+N38 -> 20 | P38: =SUM(C38+E38)*2 -> 20 | Q38: 0 | R38: =SUM(P38:Q38) -> 20 | S38: =O38-R38 -> 0 | T38: =IF(S38<0, -S38, 0) -> 0
A39: 38 | B39: Sardulgarh | C39: =VLOOKUP(B:B,Courts!B:C,2,FALSE()) -> 2 | D39: =VLOOKUP(B:B,Courts!B:E,4,FALSE()) -> 1 | E39: =VLOOKUP(B:B,Courts!B:D,3,FALSE()) -> 0 | F39: 2 | I39: 2 | K39: =I39-J39 -> 2 | L39: 3 | M39: 2 | N39: 0 | O39: =K39+L39+N39 -> 5 | P39: =SUM(C39+E39)*2 -> 4 | Q39: 0 | R39: =SUM(P39:Q39) -> 4 | S39: =O39-R39 -> 1 | T39: =IF(S39<0, -S39, 0) -> 0
A40: 39 | B40: Budhlada | C40: =VLOOKUP(B:B,Courts!B:C,2,FALSE()) -> 3 | D40: =VLOOKUP(B:B,Courts!B:E,4,FALSE()) -> 1 | E40: =VLOOKUP(B:B,Courts!B:D,3,FALSE()) -> 0 | F40: 3 | I40: 4 | K40: =I40-J40 -> 4 | L40: 1 | M40: 2 | N40: 3 | O40: =K40+L40+N40 -> 8 | P40: =SUM(C40+E40)*2 -> 6 | Q40: 0 | R40: =SUM(P40:Q40) -> 6 | S40: =O40-R40 -> 2 | T40: =IF(S40<0, -S40, 0) -> 0
A41: 40 | B41: Moga | C41: =VLOOKUP(B:B,Courts!B:C,2,FALSE()) -> 15 | D41: =VLOOKUP(B:B,Courts!B:E,4,FALSE()) -> 0 | E41: =VLOOKUP(B:B,Courts!B:D,3,FALSE()) -> 0 | F41: 13 | I41: 22 | K41: =I41-J41 -> 22 | L41: 8 | M41: 13 | N41: 0 | O41: =K41+L41+N41 -> 30 | P41: =SUM(C41+E41)*2 -> 30 | Q41: 0 | R41: =SUM(P41:Q41) -> 30 | S41: =O41-R41 -> 0 | T41: =IF(S41<0, -S41, 0) -> 0
A42: 41 | B42: Nihal Singh Wala | C42: =VLOOKUP(B:B,Courts!B:C,2,FALSE()) -> 2 | D42: =VLOOKUP(B:B,Courts!B:E,4,FALSE()) -> 1 | E42: =VLOOKUP(B:B,Courts!B:D,3,FALSE()) -> 0 | F42: 4 | I42: 2 | K42: =I42-J42 -> 2 | L42: 0 | M42: 4 | N42: 2 | O42: =K42+L42+N42 -> 4 | P42: =SUM(C42+E42)*2 -> 4 | Q42: 0 | R42: =SUM(P42:Q42) -> 4 | S42: =O42-R42 -> 0 | T42: =IF(S42<0, -S42, 0) -> 0
A43: 42 | B43: Baghapurana | C43: =VLOOKUP(B:B,Courts!B:C,2,FALSE()) -> 2 | D43: =VLOOKUP(B:B,Courts!B:E,4,FALSE()) -> 1 | E43: =VLOOKUP(B:B,Courts!B:D,3,FALSE()) -> 0 | I43: 4 | J43: 2 | K43: =I43-J43 -> 2 | L43: 0 | M43: 4 | N43: 2 | O43: =K43+L43+N43 -> 4 | P43: =SUM(C43+E43)*2 -> 4 | Q43: 0 | R43: =SUM(P43:Q43) -> 4 | S43: =O43-R43 -> 0 | T43: 0
A44: 43 | B44: Gram Nyayalya - Kot Isse Kha | C44: =VLOOKUP(B:B,Courts!B:C,2,FALSE()) -> 0 | D44: =VLOOKUP(B:B,Courts!B:E,4,FALSE()) -> 1 | E44: =VLOOKUP(B:B,Courts!B:D,3,FALSE()) -> 0 | I44: 0 | K44: =I44-J44 -> 0 | L44: 0 | M44: 0 | N44: 0 | O44: =K44+L44+N44 -> 0 | P44: =SUM(C44+E44)*2 -> 0 | Q44: 0 | R44: 0 | S44: =O44-R44 -> 0 | T44: 0
A45: 44 | B45: Pathankot | C45: =VLOOKUP(B:B,Courts!B:C,2,FALSE()) -> 13 | D45: =VLOOKUP(B:B,Courts!B:E,4,FALSE()) -> 0 | E45: =VLOOKUP(B:B,Courts!B:D,3,FALSE()) -> 0 | F45: 9 | I45: 18 | K45: =I45-J45 -> 18 | L45: 7 | M45: 15 | N45: 1 | O45: =K45+L45+N45 -> 26 | P45: =SUM(C45+E45)*2 -> 26 | Q45: 0 | R45: =SUM(P45:Q45) -> 26 | S45: =O45-R45 -> 0 | T45: =IF(S45<0, -S45, 0) -> 0
A46: 45 | B46: Patiala | C46: =VLOOKUP(B:B,Courts!B:C,2,FALSE()) -> 35 | D46: =VLOOKUP(B:B,Courts!B:E,4,FALSE()) -> 0 | E46: =VLOOKUP(B:B,Courts!B:D,3,FALSE()) -> 0 | F46: 20 | I46: 50 | K46: =I46-J46 -> 50 | L46: 19 | M46: 26 | N46: 0 | O46: =K46+L46+N46 -> 69 | P46: =SUM(C46+E46)*2 -> 70 | Q46: 0 | R46: =SUM(P46:Q46) -> 70 | S46: =O46-R46 -> -1 | T46: 0
A47: 46 | B47: Nabha | C47: =VLOOKUP(B:B,Courts!B:C,2,FALSE()) -> 5 | D47: =VLOOKUP(B:B,Courts!B:E,4,FALSE()) -> 1 | E47: =VLOOKUP(B:B,Courts!B:D,3,FALSE()) -> 0 | F47: 4 | I47: 6 | K47: =I47-J47 -> 6 | L47: 6 | M47: 0 | N47: 2 | O47: =K47+L47+N47 -> 14 | P47: =SUM(C47+E47)*2 -> 10 | Q47: 0 | R47: =SUM(P47:Q47) -> 10 | S47: =O47-R47 -> 4 | T47: =IF(S47<0, -S47, 0) -> 0
A48: 47 | B48: Rajpura | C48: =VLOOKUP(B:B,Courts!B:C,2,FALSE()) -> 6 | D48: =VLOOKUP(B:B,Courts!B:E,4,FALSE()) -> 1 | E48: =VLOOKUP(B:B,Courts!B:D,3,FALSE()) -> 0 | F48: 5 | I48: 10 | J48: 2 | K48: =I48-J48 -> 8 | L48: 4 | M48: 4 | N48: 2 | O48: =K48+L48+N48 -> 14 | P48: =SUM(C48+E48)*2 -> 12 | Q48: 0 | R48: =SUM(P48:Q48) -> 12 | S48: =O48-R48 -> 2 | T48: =IF(S48<0, -S48, 0) -> 0
A49: 48 | B49: Samana | C49: =VLOOKUP(B:B,Courts!B:C,2,FALSE()) -> 6 | D49: =VLOOKUP(B:B,Courts!B:E,4,FALSE()) -> 1 | E49: =VLOOKUP(B:B,Courts!B:D,3,FALSE()) -> 0 | I49: 6 | K49: =I49-J49 -> 6 | L49: 6 | M49: 4 | N49: 0 | O49: =K49+L49+N49 -> 12 | P49: =SUM(C49+E49)*2 -> 12 | Q49: 0 | R49: =SUM(P49:Q49) -> 12 | S49: =O49-R49 -> 0 | T49: 0
A50: 49 | B50: Rupnagar | C50: =VLOOKUP(B:B,Courts!B:C,2,FALSE()) -> 14 | D50: =VLOOKUP(B:B,Courts!B:E,4,FALSE()) -> 0 | E50: =VLOOKUP(B:B,Courts!B:D,3,FALSE()) -> 0 | H50: 5 | I50: 28 | J50: 6 | K50: =I50-J50 -> 22 | L50: 6 | M50: 14 | N50: 0 | O50: =K50+L50+N50 -> 28 | P50: =SUM(C50+E50)*2 -> 28 | Q50: 0 | R50: =SUM(P50:Q50) -> 28 | S50: =O50-R50 -> 0 | T50: =IF(S50<0, -S50, 0) -> 0
A51: 50 | B51: Sri Anandpur Sahib | C51: =VLOOKUP(B:B,Courts!B:C,2,FALSE()) -> 3 | D51: =VLOOKUP(B:B,Courts!B:E,4,FALSE()) -> 1 | E51: =VLOOKUP(B:B,Courts!B:D,3,FALSE()) -> 0 | H51: 1 | I51: 6 | K51: =I51-J51 -> 6 | L51: 4 | M51: 0 | N51: 0 | O51: =K51+L51+N51 -> 10 | P51: =SUM(C51+E51)*2 -> 6 | Q51: 0 | R51: =SUM(P51:Q51) -> 6 | S51: =O51-R51 -> 4 | T51: =IF(S51<0, -S51, 0) -> 0
A52: 51 | B52: Nangal | C52: =VLOOKUP(B:B,Courts!B:C,2,FALSE()) -> 2 | D52: =VLOOKUP(B:B,Courts!B:E,4,FALSE()) -> 1 | E52: =VLOOKUP(B:B,Courts!B:D,3,FALSE()) -> 0 | I52: 0 | K52: =I52-J52 -> 0 | L52: 0 | M52: 4 | N52: 2 | O52: =K52+L52+N52 -> 2 | P52: =SUM(C52+E52)*2 -> 4 | Q52: 0 | R52: =SUM(P52:Q52) -> 4 | S52: =O52-R52 -> -2 | T52: 0
A53: 52 | B53: Gram Nyayalya - Nangal | C53: =VLOOKUP(B:B,Courts!B:C,2,FALSE()) -> 0 | D53: =VLOOKUP(B:B,Courts!B:E,4,FALSE()) -> 1 | E53: =VLOOKUP(B:B,Courts!B:D,3,FALSE()) -> 0 | I53: 0 | K53: =I53-J53 -> 0 | L53: 2 | M53: 0 | N53: 0 | O53: =K53+L53+N53 -> 2 | P53: =SUM(C53+E53)*2 -> 0 | Q53: 0 | R53: =SUM(P53:Q53) -> 0 | S53: =O53-R53 -> 2 | T53: =IF(S53<0, -S53, 0) -> 0
A54: 53 | B54: S.A.S. Nagar | C54: =VLOOKUP(B:B,Courts!B:C,2,FALSE()) -> 22 | D54: =VLOOKUP(B:B,Courts!B:E,4,FALSE()) -> 0 | E54: =VLOOKUP(B:B,Courts!B:D,3,FALSE()) -> 0 | F54: 3 | I54: 26 | J54: 4 | K54: =I54-J54 -> 22 | L54: 13 | M54: 22 | N54: 7 | O54: =K54+L54+N54 -> 42 | P54: =SUM(C54+E54)*2 -> 44 | Q54: 0 | R54: =SUM(P54:Q54) -> 44 | S54: =O54-R54 -> -2 | T54: 2
A55: 54 | B55: Dera Bassi | C55: =VLOOKUP(B:B,Courts!B:C,2,FALSE()) -> 9 | D55: =VLOOKUP(B:B,Courts!B:E,4,FALSE()) -> 1 | E55: =VLOOKUP(B:B,Courts!B:D,3,FALSE()) -> 0 | I55: 10 | J55: 1 | K55: =I55-J55 -> 9 | L55: 2 | M55: 4 | N55: 7 | O55: =K55+L55+N55 -> 18 | P55: =SUM(C55+E55)*2 -> 18 | Q55: 0 | R55: =SUM(P55:Q55) -> 18 | S55: =O55-R55 -> 0 | T55: =IF(S55<0, -S55, 0) -> 0
A56: 55 | B56: Kharar | C56: =VLOOKUP(B:B,Courts!B:C,2,FALSE()) -> 8 | D56: =VLOOKUP(B:B,Courts!B:E,4,FALSE()) -> 1 | E56: =VLOOKUP(B:B,Courts!B:D,3,FALSE()) -> 0 | I56: 10 | J56: 7 | K56: =I56-J56 -> 3 | L56: 5 | M56: 2 | N56: 8 | O56: =K56+L56+N56 -> 16 | P56: =SUM(C56+E56)*2 -> 16 | Q56: 0 | R56: =SUM(P56:Q56) -> 16 | S56: =O56-R56 -> 0 | T56: =IF(S56<0, -S56, 0) -> 0
A57: 56 | B57: Sangrur | C57: =VLOOKUP(B:B,Courts!B:C,2,FALSE()) -> 17 | D57: =VLOOKUP(B:B,Courts!B:E,4,FALSE()) -> 0 | E57: =VLOOKUP(B:B,Courts!B:D,3,FALSE()) -> 0 | F57: 12 | I57: 30 | J57: 2 | K57: =I57-J57 -> 28 | L57: 12 | M57: 16 | N57: 0 | O57: =K57+L57+N57 -> 40 | P57: =SUM(C57+E57)*2 -> 34 | Q57: 0 | R57: =SUM(P57:Q57) -> 34 | S57: =O57-R57 -> 6 | T57: =IF(S57<0, -S57, 0) -> 0
A58: 57 | B58: Malerkotla | C58: =VLOOKUP(B:B,Courts!B:C,2,FALSE()) -> 7 | D58: =VLOOKUP(B:B,Courts!B:E,4,FALSE()) -> 1 | E58: =VLOOKUP(B:B,Courts!B:D,3,FALSE()) -> 0 | F58: 2 | I58: 10 | J58: 1 | K58: =I58-J58 -> 9 | L58: 2 | M58: 6 | N58: 1 | O58: =K58+L58+N58 -> 12 | P58: =SUM(C58+E58)*2 -> 14 | Q58: 0 | R58: =SUM(P58:Q58) -> 14 | S58: =O58-R58 -> -2 | T58: 0
A59: 58 | B59: Sunam | C59: =VLOOKUP(B:B,Courts!B:C,2,FALSE()) -> 5 | D59: =VLOOKUP(B:B,Courts!B:E,4,FALSE()) -> 1 | E59: =VLOOKUP(B:B,Courts!B:D,3,FALSE()) -> 0 | F59: 1 | I59: 8 | J59: 1 | K59: =I59-J59 -> 7 | L59: 2 | M59: 5 | N59: 0 | O59: =K59+L59+N59 -> 9 | P59: =SUM(C59+E59)*2 -> 10 | Q59: 0 | R59: =SUM(P59:Q59) -> 10 | S59: =O59-R59 -> -1 | T59: 0
A60: 59 | B60: Moonak | C60: =VLOOKUP(B:B,Courts!B:C,2,FALSE()) -> 3 | D60: =VLOOKUP(B:B,Courts!B:E,4,FALSE()) -> 1 | E60: =VLOOKUP(B:B,Courts!B:D,3,FALSE()) -> 0 | F60: 1 | I60: 2 | K60: =I60-J60 -> 2 | L60: 5 | M60: 3 | N60: 0 | O60: =K60+L60+N60 -> 7 | P60: =SUM(C60+E60)*2 -> 6 | Q60: 0 | R60: =SUM(P60:Q60) -> 6 | S60: =O60-R60 -> 1 | T60: =IF(S60<0, -S60, 0) -> 0
A61: 60 | B61: Dhuri | C61: =VLOOKUP(B:B,Courts!B:C,2,FALSE()) -> 5 | D61: =VLOOKUP(B:B,Courts!B:E,4,FALSE()) -> 1 | E61: =VLOOKUP(B:B,Courts!B:D,3,FALSE()) -> 0 | F61: 2 | I61: 6 | J61: 2 | K61: =I61-J61 -> 4 | L61: 1 | M61: 2 | N61: 7 | O61: =K61+L61+N61 -> 12 | P61: =SUM(C61+E61)*2 -> 10 | Q61: 0 | R61: =SUM(P61:Q61) -> 10 | S61: =O61-R61 -> 2 | T61: =IF(S61<0, -S61, 0) -> 0
A62: 61 | B62: Sri Muktsar Sahib | C62: =VLOOKUP(B:B,Courts!B:C,2,FALSE()) -> 9 | D62: =VLOOKUP(B:B,Courts!B:E,4,FALSE()) -> 0 | E62: =VLOOKUP(B:B,Courts!B:D,3,FALSE()) -> 0 | F62: 6 | I62: 14 | J62: 3 | K62: =I62-J62 -> 11 | L62: 3 | M62: 15 | N62: 4 | O62: =K62+L62+N62 -> 18 | P62: =SUM(C62+E62)*2 -> 18 | Q62: 0 | R62: =SUM(P62:Q62) -> 18 | S62: =O62-R62 -> 0 | T62: =IF(S62<0, -S62, 0) -> 0
A63: 62 | B63: Gidderbaha | C63: =VLOOKUP(B:B,Courts!B:C,2,FALSE()) -> 3 | D63: =VLOOKUP(B:B,Courts!B:E,4,FALSE()) -> 1 | E63: =VLOOKUP(B:B,Courts!B:D,3,FALSE()) -> 0 | F63: 2 | I63: 4 | J63: 2 | K63: =I63-J63 -> 2 | L63: 1 | M63: 2 | N63: 5 | O63: =K63+L63+N63 -> 8 | P63: =SUM(C63+E63)*2 -> 6 | Q63: 0 | R63: =SUM(P63:Q63) -> 6 | S63: =O63-R63 -> 2 | T63: =IF(S63<0, -S63, 0) -> 0
A64: 63 | B64: Malout | C64: =VLOOKUP(B:B,Courts!B:C,2,FALSE()) -> 6 | D64: =VLOOKUP(B:B,Courts!B:E,4,FALSE()) -> 1 | E64: =VLOOKUP(B:B,Courts!B:D,3,FALSE()) -> 0 | F64: 2 | I64: 6 | J64: 3 | K64: =I64-J64 -> 3 | L64: 1 | M64: 4 | N64: 8 | O64: =K64+L64+N64 -> 12 | P64: =SUM(C64+E64)*2 -> 12 | Q64: 0 | R64: =SUM(P64:Q64) -> 12 | S64: =O64-R64 -> 0 | T64: 0
A65: 64 | B65: SBS Nagar | C65: =VLOOKUP(B:B,Courts!B:C,2,FALSE()) -> 13 | D65: =VLOOKUP(B:B,Courts!B:E,4,FALSE()) -> 0 | E65: =VLOOKUP(B:B,Courts!B:D,3,FALSE()) -> 0 | F65: 13 | I65: 16 | J65: 1 | K65: =I65-J65 -> 15 | L65: 9 | M65: 15 | N65: 2 | O65: =K65+L65+N65 -> 26 | P65: =SUM(C65+E65)*2 -> 26 | Q65: 0 | R65: =SUM(P65:Q65) -> 26 | S65: =O65-R65 -> 0 | T65: =IF(S65<0, -S65, 0) -> 0
A66: 65 | B66: Balachaur | C66: =VLOOKUP(B:B,Courts!B:C,2,FALSE()) -> 2 | D66: =VLOOKUP(B:B,Courts!B:E,4,FALSE()) -> 1 | E66: =VLOOKUP(B:B,Courts!B:D,3,FALSE()) -> 0 | F66: 3 | I66: 2 | K66: =I66-J66 -> 2 | L66: 5 | M66: 1 | N66: 0 | O66: =K66+L66+N66 -> 7 | P66: =SUM(C66+E66)*2 -> 4 | Q66: 0 | R66: =SUM(P66:Q66) -> 4 | S66: =O66-R66 -> 3 | T66: =IF(S66<0, -S66, 0) -> 0
A67: 66 | B67: Tarn Taran | C67: =VLOOKUP(B:B,Courts!B:C,2,FALSE()) -> 10 | D67: =VLOOKUP(B:B,Courts!B:E,4,FALSE()) -> 0 | E67: =VLOOKUP(B:B,Courts!B:D,3,FALSE()) -> 0 | F67: 2 | I67: 22 | K67: =I67-J67 -> 22 | L67: 4 | M67: 11 | N67: 0 | O67: =K67+L67+N67 -> 26 | P67: =SUM(C67+E67)*2 -> 20 | Q67: 0 | R67: =SUM(P67:Q67) -> 20 | S67: =O67-R67 -> 6 | T67: =IF(S67<0, -S67, 0) -> 0
A68: 67 | B68: Patti | C68: =VLOOKUP(B:B,Courts!B:C,2,FALSE()) -> 6 | D68: =VLOOKUP(B:B,Courts!B:E,4,FALSE()) -> 1 | E68: =VLOOKUP(B:B,Courts!B:D,3,FALSE()) -> 0 | F68: 6 | I68: 6 | K68: =I68-J68 -> 6 | L68: 1 | M68: 4 | N68: 5 | O68: =K68+L68+N68 -> 12 | P68: =SUM(C68+E68)*2 -> 12 | Q68: 0 | R68: =SUM(P68:Q68) -> 12 | S68: =O68-R68 -> 0 | T68: 0
A69: 68 | B69: Khadoor Sahib | C69: =VLOOKUP(B:B,Courts!B:C,2,FALSE()) -> 2 | D69: =VLOOKUP(B:B,Courts!B:E,4,FALSE()) -> 1 | E69: =VLOOKUP(B:B,Courts!B:D,3,FALSE()) -> 0 | F69: 2 | I69: 2 | K69: =I69-J69 -> 2 | L69: 0 | M69: 4 | N69: 2 | O69: =K69+L69+N69 -> 4 | P69: =SUM(C69+E69)*2 -> 4 | Q69: 0 | R69: =SUM(P69:Q69) -> 4 | S69: =O69-R69 -> 0 | T69: 0
A70: 69 | B70: Chandigarh | C70: =VLOOKUP(B:B,Courts!B:C,2,FALSE()) -> 28 | D70: =VLOOKUP(B:B,Courts!B:E,4,FALSE()) -> 0 | E70: =VLOOKUP(B:B,Courts!B:D,3,FALSE()) -> 0 | F70: =68+22 -> 90 | I70: 58 | J70: 5 | K70: =I70-J70 -> 53 | L70: 12 | M70: 20 | N70: 0 | O70: =K70+L70+N70 -> 65 | P70: =SUM(C70+E70)*2 -> 56 | Q70: 0 | R70: =SUM(P70:Q70) -> 56 | S70: =O70-R70 -> 9 | T70: =IF(S70<0, -S70, 0) -> 0
A71: 70 | B71: Ambala | C71: =VLOOKUP(B:B,Courts!B:C,2,FALSE()) -> 22 | D71: =VLOOKUP(B:B,Courts!B:E,4,FALSE()) -> 0 | E71: =VLOOKUP(B:B,Courts!B:D,3,FALSE()) -> 5 | F71: 9 | I71: 40 | J71: 6 | K71: =I71-J71 -> 34 | L71: 7 | M71: 32 | N71: 0 | O71: =K71+L71+N71 -> 41 | P71: =SUM(C71+E71)*2 -> 54 | Q71: 0 | R71: =SUM(P71:Q71) -> 54 | S71: =O71-R71 -> -13 | T71: 11
A72: 71 | B72: Naraingarh | C72: =VLOOKUP(B:B,Courts!B:C,2,FALSE()) -> 2 | D72: =VLOOKUP(B:B,Courts!B:E,4,FALSE()) -> 1 | E72: =VLOOKUP(B:B,Courts!B:D,3,FALSE()) -> 1 | F72: 3 | I72: 6 | J72: 1 | K72: =I72-J72 -> 5 | L72: 3 | M72: 1 | N72: 0 | O72: =K72+L72+N72 -> 8 | P72: =SUM(C72+E72)*2 -> 6 | Q72: 0 | R72: =SUM(P72:Q72) -> 6 | S72: =O72-R72 -> 2 | T72: =IF(S72<0, -S72, 0) -> 0
A73: 72 | B73: Bhiwani | C73: =VLOOKUP(B:B,Courts!B:C,2,FALSE()) -> 15 | D73: =VLOOKUP(B:B,Courts!B:E,4,FALSE()) -> 0 | E73: =VLOOKUP(B:B,Courts!B:D,3,FALSE()) -> 3 | F73: 12 | I73: 32 | J73: 7 | K73: =I73-J73 -> 25 | L73: 7 | M73: 26 | N73: 0 | O73: =K73+L73+N73 -> 32 | P73: =SUM(C73+E73)*2 -> 36 | Q73: 0 | R73: =SUM(P73:Q73) -> 36 | S73: =O73-R73 -> -4 | T73: 2
A74: 73 | B74: Loharu | C74: =VLOOKUP(B:B,Courts!B:C,2,FALSE()) -> 2 | D74: =VLOOKUP(B:B,Courts!B:E,4,FALSE()) -> 1 | E74: =VLOOKUP(B:B,Courts!B:D,3,FALSE()) -> 0 | I74: 2 | K74: =I74-J74 -> 2 | L74: 2 | M74: 4 | N74: 0 | O74: =K74+L74+N74 -> 4 | P74: =SUM(C74+E74)*2 -> 4 | Q74: 0 | R74: =SUM(P74:Q74) -> 4 | S74: =O74-R74 -> 0 | T74: =IF(S74<0, -S74, 0) -> 0
A75: 74 | B75: Siwani | C75: =VLOOKUP(B:B,Courts!B:C,2,FALSE()) -> 1 | D75: =VLOOKUP(B:B,Courts!B:E,4,FALSE()) -> 1 | E75: =VLOOKUP(B:B,Courts!B:D,3,FALSE()) -> 0 | I75: 2 | K75: =I75-J75 -> 2 | L75: 0 | M75: 4 | N75: 0 | O75: =K75+L75+N75 -> 2 | P75: =SUM(C75+E75)*2 -> 2 | Q75: 0 | R75: =SUM(P75:Q75) -> 2 | S75: =O75-R75 -> 0 | T75: 0
A76: 75 | B76: Tosham | C76: =VLOOKUP(B:B,Courts!B:C,2,FALSE()) -> 1 | D76: =VLOOKUP(B:B,Courts!B:E,4,FALSE()) -> 1 | E76: =VLOOKUP(B:B,Courts!B:D,3,FALSE()) -> 0 | I76: 2 | K76: =I76-J76 -> 2 | L76: 0 | M76: 2 | N76: 2 | O76: =K76+L76+N76 -> 4 | P76: =SUM(C76+E76)*2 -> 2 | Q76: 0 | R76: =SUM(P76:Q76) -> 2 | S76: =O76-R76 -> 2 | T76: =IF(S76<0, -S76, 0) -> 0
A77: 76 | B77: Charkhi Dadri | C77: =VLOOKUP(B:B,Courts!B:C,2,FALSE()) -> 8 | D77: =VLOOKUP(B:B,Courts!B:E,4,FALSE()) -> 0 | E77: =VLOOKUP(B:B,Courts!B:D,3,FALSE()) -> 1 | I77: 8 | J77: 1 | K77: =I77-J77 -> 7 | L77: 4 | M77: 17 | N77: 7 | O77: =K77+L77+N77 -> 18 | P77: =SUM(C77+E77)*2 -> 18 | Q77: 0 | R77: =SUM(P77:Q77) -> 18 | S77: =O77-R77 -> 0 | T77: =IF(S77<0, -S77, 0) -> 0
A78: 77 | B78: Faridabad | C78: =VLOOKUP(B:B,Courts!B:C,2,FALSE()) -> 39 | D78: =VLOOKUP(B:B,Courts!B:E,4,FALSE()) -> 0 | E78: =VLOOKUP(B:B,Courts!B:D,3,FALSE()) -> 10 | F78: 28 | I78: 66 | J78: 11 | K78: =I78-J78 -> 55 | L78: 15 | M78: 55 | N78: 4 | O78: =K78+L78+N78 -> 74 | P78: =SUM(C78+E78)*2 -> 98 | Q78: 0 | R78: =SUM(P78:Q78) -> 98 | S78: =O78-R78 -> -24 | T78: =IF(S78<0, -S78, 0) -> 24
A79: 78 | B79: Fatehabad | C79: =VLOOKUP(B:B,Courts!B:C,2,FALSE()) -> 11 | D79: =VLOOKUP(B:B,Courts!B:E,4,FALSE()) -> 0 | E79: =VLOOKUP(B:B,Courts!B:D,3,FALSE()) -> 1 | F79: 10 | I79: 18 | J79: 3 | K79: =I79-J79 -> 15 | L79: 7 | M79: 17 | N79: 2 | O79: =K79+L79+N79 -> 24 | P79: =SUM(C79+E79)*2 -> 24 | Q79: 0 | R79: =SUM(P79:Q79) -> 24 | S79: =O79-R79 -> 0 | T79: =IF(S79<0, -S79, 0) -> 0
A80: 79 | B80: Tohana | C80: =VLOOKUP(B:B,Courts!B:C,2,FALSE()) -> 2 | D80: =VLOOKUP(B:B,Courts!B:E,4,FALSE()) -> 1 | E80: =VLOOKUP(B:B,Courts!B:D,3,FALSE()) -> 0 | F80: 2 | I80: 6 | J80: 1 | K80: =I80-J80 -> 5 | L80: 3 | M80: 0 | N80: 0 | O80: =K80+L80+N80 -> 8 | P80: =SUM(C80+E80)*2 -> 4 | Q80: 0 | R80: =SUM(P80:Q80) -> 4 | S80: =O80-R80 -> 4 | T80: =IF(S80<0, -S80, 0) -> 0
A81: 80 | B81: Ratia | C81: =VLOOKUP(B:B,Courts!B:C,2,FALSE()) -> 2 | D81: =VLOOKUP(B:B,Courts!B:E,4,FALSE()) -> 1 | E81: =VLOOKUP(B:B,Courts!B:D,3,FALSE()) -> 1 | F81: 2 | I81: 2 | K81: =I81-J81 -> 2 | L81: 2 | M81: 6 | N81: 0 | O81: =K81+L81+N81 -> 4 | P81: =SUM(C81+E81)*2 -> 6 | Q81: 0 | R81: =SUM(P81:Q81) -> 6 | S81: =O81-R81 -> -2 | T81: 0
A82: 81 | B82: Gurugram | C82: =VLOOKUP(B:B,Courts!B:C,2,FALSE()) -> 48 | D82: =VLOOKUP(B:B,Courts!B:E,4,FALSE()) -> 0 | E82: =VLOOKUP(B:B,Courts!B:D,3,FALSE()) -> 14 | F82: 60 | I82: 66 | J82: 16 | K82: =I82-J82 -> 50 | L82: 29 | M82: 33 | N82: 17 | O82: =K82+L82+N82 -> 96 | P82: =SUM(C82+E82)*2 -> 124 | Q82: 0 | R82: =SUM(P82:Q82) -> 124 | S82: =O82-R82 -> -28 | T82: 26
A83: 82 | B83: Pataudi | C83: =VLOOKUP(B:B,Courts!B:C,2,FALSE()) -> 3 | D83: =VLOOKUP(B:B,Courts!B:E,4,FALSE()) -> 1 | E83: =VLOOKUP(B:B,Courts!B:D,3,FALSE()) -> 1 | F83: 6 | I83: 6 | K83: =I83-J83 -> 6 | L83: 3 | M83: 0 | N83: 0 | O83: =K83+L83+N83 -> 9 | P83: =SUM(C83+E83)*2 -> 8 | Q83: 0 | R83: =SUM(P83:Q83) -> 8 | S83: =O83-R83 -> 1 | T83: =IF(S83<0, -S83, 0) -> 0
A84: 83 | B84: Sohna | C84: =VLOOKUP(B:B,Courts!B:C,2,FALSE()) -> 3 | D84: =VLOOKUP(B:B,Courts!B:E,4,FALSE()) -> 1 | E84: =VLOOKUP(B:B,Courts!B:D,3,FALSE()) -> 1 | F84: 6 | I84: 6 | K84: =I84-J84 -> 6 | L84: 3 | M84: 0 | N84: 0 | O84: =K84+L84+N84 -> 9 | P84: =SUM(C84+E84)*2 -> 8 | Q84: 0 | R84: =SUM(P84:Q84) -> 8 | S84: =O84-R84 -> 1 | T84: =IF(S84<0, -S84, 0) -> 0
A85: 84 | B85: Hisar | C85: =VLOOKUP(B:B,Courts!B:C,2,FALSE()) -> 23 | D85: =VLOOKUP(B:B,Courts!B:E,4,FALSE()) -> 0 | E85: =VLOOKUP(B:B,Courts!B:D,3,FALSE()) -> 9 | F85: 26 | I85: 44 | J85: 10 | K85: =I85-J85 -> 34 | L85: 9 | M85: 28 | N85: 1 | O85: =K85+L85+N85 -> 44 | P85: =SUM(C85+E85)*2 -> 64 | Q85: 0 | R85: =SUM(P85:Q85) -> 64 | S85: =O85-R85 -> -20 | T85: 19
A86: 85 | B86: Hansi | C86: =VLOOKUP(B:B,Courts!B:C,2,FALSE()) -> 3 | D86: =VLOOKUP(B:B,Courts!B:E,4,FALSE()) -> 1 | E86: =VLOOKUP(B:B,Courts!B:D,3,FALSE()) -> 1 | F86: 4 | I86: 8 | J86: 2 | K86: =I86-J86 -> 6 | L86: 3 | M86: 3 | N86: 0 | O86: =K86+L86+N86 -> 9 | P86: =SUM(C86+E86)*2 -> 8 | Q86: 0 | R86: =SUM(P86:Q86) -> 8 | S86: =O86-R86 -> 1 | T86: =IF(S86<0, -S86, 0) -> 0
A87: 86 | B87: Narnaud | C87: =VLOOKUP(B:B,Courts!B:C,2,FALSE()) -> 1 | D87: =VLOOKUP(B:B,Courts!B:E,4,FALSE()) -> 1 | E87: =VLOOKUP(B:B,Courts!B:D,3,FALSE()) -> 0 | I87: 0 | J87: 0 | K87: 0 | L87: 0 | M87: 0 | N87: 0 | O87: =K87+L87+N87 -> 0 | P87: =SUM(C87+E87)*2 -> 2 | Q87: 0 | R87: =SUM(P87:Q87) -> 2 | S87: =O87-R87 -> -2
A88: 87 | B88: Barwala | C88: =VLOOKUP(B:B,Courts!B:C,2,FALSE()) -> 2 | D88: =VLOOKUP(B:B,Courts!B:E,4,FALSE()) -> 1 | E88: =VLOOKUP(B:B,Courts!B:D,3,FALSE()) -> 0 | I88: 0 | J88: 0 | K88: 0 | L88: 0 | M88: 0 | N88: 0 | O88: =K88+L88+N88 -> 0 | P88: =SUM(C88+E88)*2 -> 4 | Q88: 0 | R88: =SUM(P88:Q88) -> 4 | S88: =O88-R88 -> -4
A89: 88 | B89: Jhajjar | C89: =VLOOKUP(B:B,Courts!B:C,2,FALSE()) -> 11 | D89: =VLOOKUP(B:B,Courts!B:E,4,FALSE()) -> 0 | E89: =VLOOKUP(B:B,Courts!B:D,3,FALSE()) -> 2 | F89: 15 | I89: 30 | J89: 1 | K89: =I89-J89 -> 29 | L89: 4 | M89: 10 | N89: 0 | O89: =K89+L89+N89 -> 33 | P89: =SUM(C89+E89)*2 -> 26 | Q89: 0 | R89: =SUM(P89:Q89) -> 26 | S89: =O89-R89 -> 7 | T89: =IF(S89<0, -S89, 0) -> 0
A90: 89 | B90: Bahadurgarh | C90: =VLOOKUP(B:B,Courts!B:C,2,FALSE()) -> 4 | D90: =VLOOKUP(B:B,Courts!B:E,4,FALSE()) -> 1 | E90: =VLOOKUP(B:B,Courts!B:D,3,FALSE()) -> 2 | I90: 10 | K90: =I90-J90 -> 10 | L90: 4 | M90: 2 | N90: 0 | O90: =K90+L90+N90 -> 14 | P90: =SUM(C90+E90)*2 -> 12 | Q90: 0 | R90: =SUM(P90:Q90) -> 12 | S90: =O90-R90 -> 2 | T90: =IF(S90<0, -S90, 0) -> 0
A91: 90 | B91: Jind | C91: =VLOOKUP(B:B,Courts!B:C,2,FALSE()) -> 10 | D91: =VLOOKUP(B:B,Courts!B:E,4,FALSE()) -> 0 | E91: =VLOOKUP(B:B,Courts!B:D,3,FALSE()) -> 3 | F91: 8 | I91: 24 | K91: =I91-J91 -> 24 | L91: 6 | M91: 11 | N91: 0 | O91: =K91+L91+N91 -> 30 | P91: =SUM(C91+E91)*2 -> 26 | Q91: 0 | R91: =SUM(P91:Q91) -> 26 | S91: =O91-R91 -> 4 | T91: =IF(S91<0, -S91, 0) -> 0
A92: 91 | B92: Narwana | C92: =VLOOKUP(B:B,Courts!B:C,2,FALSE()) -> 2 | D92: =VLOOKUP(B:B,Courts!B:E,4,FALSE()) -> 1 | E92: =VLOOKUP(B:B,Courts!B:D,3,FALSE()) -> 1 | I92: 6 | K92: =I92-J92 -> 6 | L92: 3 | M92: 1 | N92: 0 | O92: =K92+L92+N92 -> 9 | P92: =SUM(C92+E92)*2 -> 6 | Q92: 0 | R92: =SUM(P92:Q92) -> 6 | S92: =O92-R92 -> 3 | T92: =IF(S92<0, -S92, 0) -> 0
A93: 92 | B93: Safidon | C93: =VLOOKUP(B:B,Courts!B:C,2,FALSE()) -> 2 | D93: =VLOOKUP(B:B,Courts!B:E,4,FALSE()) -> 1 | E93: =VLOOKUP(B:B,Courts!B:D,3,FALSE()) -> 1 | I93: 4 | K93: =I93-J93 -> 4 | L93: 3 | M93: 3 | N93: 0 | O93: =K93+L93+N93 -> 7 | P93: =SUM(C93+E93)*2 -> 6 | Q93: 0 | R93: =SUM(P93:Q93) -> 6 | S93: =O93-R93 -> 1 | T93: =IF(S93<0, -S93, 0) -> 0
A94: 93 | B94: Kaithal | C94: =VLOOKUP(B:B,Courts!B:C,2,FALSE()) -> 15 | D94: =VLOOKUP(B:B,Courts!B:E,4,FALSE()) -> 0 | E94: =VLOOKUP(B:B,Courts!B:D,3,FALSE()) -> 4 | F94: 15 | I94: 28 | K94: =I94-J94 -> 28 | L94: 6 | M94: 16 | N94: 0 | O94: =K94+L94+N94 -> 34 | P94: =SUM(C94+E94)*2 -> 38 | Q94: 0 | R94: =SUM(P94:Q94) -> 38 | S94: =O94-R94 -> -4 | T94: =IF(S94<0, -S94, 0) -> 4
A95: 94 | B95: Guhla | C95: =VLOOKUP(B:B,Courts!B:C,2,FALSE()) -> 2 | D95: =VLOOKUP(B:B,Courts!B:E,4,FALSE()) -> 1 | E95: =VLOOKUP(B:B,Courts!B:D,3,FALSE()) -> 0 | F95: 2 | I95: 2 | K95: =I95-J95 -> 2 | L95: 2 | M95: 4 | N95: 0 | O95: =K95+L95+N95 -> 4 | P95: =SUM(C95+E95)*2 -> 4 | Q95: 0 | R95: =SUM(P95:Q95) -> 4 | S95: =O95-R95 -> 0 | T95: =IF(S95<0, -S95, 0) -> 0
A96: 95 | B96: Karnal | C96: =VLOOKUP(B:B,Courts!B:C,2,FALSE()) -> 26 | D96: =VLOOKUP(B:B,Courts!B:E,4,FALSE()) -> 0 | E96: =VLOOKUP(B:B,Courts!B:D,3,FALSE()) -> 7 | F96: 32 | I96: 46 | J96: 4 | K96: =I96-J96 -> 42 | L96: 9 | M96: 41 | N96: 3 | O96: =K96+L96+N96 -> 54 | P96: =SUM(C96+E96)*2 -> 66 | Q96: 0 | R96: =SUM(P96:Q96) -> 66 | S96: =O96-R96 -> -12 | T96: 8
A97: 96 | B97: Assandh | C97: =VLOOKUP(B:B,Courts!B:C,2,FALSE()) -> 2 | D97: =VLOOKUP(B:B,Courts!B:E,4,FALSE()) -> 1 | E97: =VLOOKUP(B:B,Courts!B:D,3,FALSE()) -> 0 | F97: 2 | I97: 4 | K97: =I97-J97 -> 4 | L97: 3 | M97: 1 | N97: 0 | O97: =K97+L97+N97 -> 7 | P97: =SUM(C97+E97)*2 -> 4 | Q97: 0 | R97: =SUM(P97:Q97) -> 4 | S97: =O97-R97 -> 3 | T97: =IF(S97<0, -S97, 0) -> 0
A98: 97 | B98: Gharaunda | C98: =VLOOKUP(B:B,Courts!B:C,2,FALSE()) -> 1 | D98: =VLOOKUP(B:B,Courts!B:E,4,FALSE()) -> 0 | E98: =VLOOKUP(B:B,Courts!B:D,3,FALSE()) -> 0 | I98: 0 | K98: =I98-J98 -> 0 | L98: 0 | M98: 0 | N98: 0 | O98: =K98+L98+N98 -> 0 | P98: =SUM(C98+E98)*2 -> 2 | Q98: 0 | R98: =SUM(P98:Q98) -> 2 | S98: =O98-R98 -> -2 | T98: 0
A99: 98 | B99: Indri | C99: =VLOOKUP(B:B,Courts!B:C,2,FALSE()) -> 1 | D99: =VLOOKUP(B:B,Courts!B:E,4,FALSE()) -> 1 | E99: =VLOOKUP(B:B,Courts!B:D,3,FALSE()) -> 0 | I99: 2 | K99: =I99-J99 -> 2 | L99: 3 | M99: 1 | N99: 0 | O99: =K99+L99+N99 -> 5 | P99: =SUM(C99+E99)*2 -> 2 | Q99: 0 | R99: =SUM(P99:Q99) -> 2 | S99: =O99-R99 -> 3 | T99: =IF(S99<0, -S99, 0) -> 0
A100: 99 | B100: Kurukshetra | C100: =VLOOKUP(B:B,Courts!B:C,2,FALSE()) -> 15 | D100: =VLOOKUP(B:B,Courts!B:E,4,FALSE()) -> 0 | E100: =VLOOKUP(B:B,Courts!B:D,3,FALSE()) -> 1 | F100: 9 | I100: 30 | K100: =I100-J100 -> 30 | L100: 6 | M100: 22 | N100: 0 | O100: =K100+L100+N100 -> 36 | P100: =SUM(C100+E100)*2 -> 32 | Q100: 0 | R100: =SUM(P100:Q100) -> 32 | S100: =O100-R100 -> 4 | T100: =IF(S100<0, -S100, 0) -> 0
...

Sheet Scanners
A1: Sr. No. | B1: Sessions Division/Sub-Division | C1: Total Courts | D1: 43 (Kodak/i1190) for Courts in 2018 | E1: 120 (Kodak/i1190) FlatBed for Courts in 2018 | F1: 2 (Kodak/i1190) FlatBed for Courts in 2019 | G1: 12 (added in next column) for Paperless Court in 2021 | H1: 134 (120 for eSK and 12 for Paperless) in (HP/Scanjet Enterprise 7500) 2021 | I1: 100 (Fujitsu/Fujitsu SP 1130N) for HelpDesk 2023 | J1: 52 (Ricoh/fi8190) for Scanning & Digitization 2024 | K1: 1247 HP/Scanjet 4600fnw ADF legal flatbed for Courts in 2024 | L1: Distributed for Courts | M1: Requirement for Courts | N1: Shortfall (-) / Surplus (+) | O1: Req after Adjustment with SD/SB
A2: 1 | B2: Amritsar | C2: =VLOOKUP(B:B,Courts!B:F,5,FALSE()) -> 48 | D2: 1 | E2: 1 | F2: 0 | G2: 0 | H2: 1 | I2: 4 | J2: 2 | K2: 49 | L2: =SUM(D2+E2+F2+G2+K2) -> 51 | M2: =C2*1 -> 48 | N2: =L2-M2 -> 3 | O2: =IF(N2<0, -N2, 0) -> 0
A3: 2 | B3: Ajnala | C3: =VLOOKUP(B:B,Courts!B:F,5,FALSE()) -> 6 | D3: 0 | E3: 1 | F3: 0 | G3: 0 | H3: 1 | I3: 0 | J3: 0 | K3: 5 | L3: =SUM(D3+E3+F3+G3+K3) -> 6 | M3: =C3*1 -> 6 | N3: =L3-M3 -> 0 | O3: =IF(N3<0, -N3, 0) -> 0
A4: 3 | B4: Baba Bakala | C4: =VLOOKUP(B:B,Courts!B:F,5,FALSE()) -> 5 | D4: 0 | E4: 1 | F4: 0 | G4: 0 | H4: 1 | I4: 0 | J4: 0 | K4: 4 | L4: =SUM(D4+E4+F4+G4+K4) -> 5 | M4: =C4*1 -> 5 | N4: =L4-M4 -> 0 | O4: =IF(N4<0, -N4, 0) -> 0
A5: 4 | B5: Barnala | C5: =VLOOKUP(B:B,Courts!B:F,5,FALSE()) -> 11 | D5: 1 | E5: 1 | F5: 0 | G5: 0 | H5: 1 | I5: 2 | J5: 1 | K5: 15 | L5: =SUM(D5+E5+F5+G5+K5) -> 17 | M5: =C5*1 -> 11 | N5: =L5-M5 -> 6 | O5: =IF(N5<0, -N5, 0) -> 0
A6: 5 | B6: Bathinda | C6: =VLOOKUP(B:B,Courts!B:F,5,FALSE()) -> 25 | D6: 1 | E6: 1 | F6: 0 | G6: 0 | H6: 1 | I6: 3 | J6: 1 | K6: 29 | L6: =SUM(D6+E6+F6+G6+K6) -> 31 | M6: =C6*1 -> 25 | N6: =L6-M6 -> 6 | O6: =IF(N6<0, -N6, 0) -> 0
A7: 6 | B7: Talwandi Sabo | C7: =VLOOKUP(B:B,Courts!B:F,5,FALSE()) -> 7 | D7: 0 | E7: 1 | F7: 0 | G7: 0 | H7: 1 | I7: 0 | J7: 0 | K7: 6 | L7: =SUM(D7+E7+F7+G7+K7) -> 7 | M7: =C7*1 -> 7 | N7: =L7-M7 -> 0 | O7: =IF(N7<0, -N7, 0) -> 0
A8: 7 | B8: Phul | C8: =VLOOKUP(B:B,Courts!B:F,5,FALSE()) -> 5 | D8: 0 | E8: 1 | F8: 0 | G8: 0 | H8: 1 | I8: 0 | J8: 0 | K8: 5 | L8: =SUM(D8+E8+F8+G8+K8) -> 6 | M8: =C8*1 -> 5 | N8: =L8-M8 -> 1 | O8: =IF(N8<0, -N8, 0) -> 0
A9: 8 | B9: Faridkot | C9: =VLOOKUP(B:B,Courts!B:F,5,FALSE()) -> 12 | D9: 1 | E9: 1 | F9: 0 | G9: 0 | H9: 1 | I9: 1 | J9: 1 | K9: 12 | L9: =SUM(D9+E9+F9+G9+K9) -> 14 | M9: =C9*1 -> 12 | N9: =L9-M9 -> 2 | O9: =IF(N9<0, -N9, 0) -> 0
A10: 9 | B10: Jaitu | C10: =VLOOKUP(B:B,Courts!B:F,5,FALSE()) -> 2 | D10: 0 | E10: 1 | F10: 0 | G10: 0 | H10: 1 | I10: 0 | J10: 0 | K10: 2 | L10: =SUM(D10+E10+F10+G10+K10) -> 3 | M10: =C10*1 -> 2 | N10: =L10-M10 -> 1 | O10: =IF(N10<0, -N10, 0) -> 0
A11: 10 | B11: Fatehgarh Sahib | C11: =VLOOKUP(B:B,Courts!B:F,5,FALSE()) -> 11 | D11: 1 | E11: 1 | F11: 0 | G11: 0 | H11: 1 | I11: 2 | J11: 1 | K11: 12 | L11: =SUM(D11+E11+F11+G11+K11) -> 14 | M11: =C11*1 -> 11 | N11: =L11-M11 -> 3 | O11: =IF(N11<0, -N11, 0) -> 0
A12: 11 | B12: Amloh | C12: =VLOOKUP(B:B,Courts!B:F,5,FALSE()) -> 5 | D12: 0 | E12: 1 | F12: 0 | G12: 0 | H12: 1 | I12: 0 | J12: 0 | K12: 5 | L12: =SUM(D12+E12+F12+G12+K12) -> 6 | M12: =C12*1 -> 5 | N12: =L12-M12 -> 1 | O12: =IF(N12<0, -N12, 0) -> 0
A13: 12 | B13: Khamanon | C13: =VLOOKUP(B:B,Courts!B:F,5,FALSE()) -> 3 | D13: 0 | E13: 1 | F13: 0 | G13: 0 | H13: 1 | I13: 0 | J13: 0 | K13: 2 | L13: =SUM(D13+E13+F13+G13+K13) -> 3 | M13: =C13*1 -> 3 | N13: =L13-M13 -> 0 | O13: =IF(N13<0, -N13, 0) -> 0
... A51: 50 | B51: Sri Anandpur Sahib | C51: =VLOOKUP(B:B,Courts!B:F,5,FALSE()) -> 4 | D51: 0 | E51: 1 | F51: 0 | G51: 0 | H51: 1 | I51: 0 | J51: 0 | K51: 4 | L51: =SUM(D51+E51+F51+G51+K51) -> 5 | M51: =C51*1 -> 4 | N51: =L51-M51 -> 1 | O51: =IF(N51<0, -N51, 0) -> 0
A52: 51 | B52: Nangal | C52: =VLOOKUP(B:B,Courts!B:F,5,FALSE()) -> 3 | D52: 0 | E52: 0 | F52: 0 | G52: 0 | H52: 1 | I52: 0 | J52: 0 | K52: 2 | L52: =SUM(D52+E52+F52+G52+K52) -> 2 | M52: =C52*1 -> 3 | N52: =L52-M52 -> -1 | O52: 0
A53: 52 | B53: Gram Nyayalya - Nangal | C53: =VLOOKUP(B:B,Courts!B:F,5,FALSE()) -> 1 | D53: 0 | E53: 0 | F53: 1 | G53: 0 | H53: 0 | I53: 0 | J53: 0 | K53: 0 | L53: =SUM(D53+E53+F53+G53+K53) -> 1 | M53: =C53*1 -> 1 | N53: =L53-M53 -> 0 | O53: =IF(N53<0, -N53, 0) -> 0
A54: 53 | B54: S.A.S. Nagar | C54: =VLOOKUP(B:B,Courts!B:F,5,FALSE()) -> 22 | D54: 1 | E54: 1 | F54: 0 | G54: 0 | H54: 1 | I54: 2 | J54: 1 | K54: 23 | L54: =SUM(D54+E54+F54+G54+K54) -> 25 | M54: =C54*1 -> 22 | N54: =L54-M54 -> 3 | O54: =IF(N54<0, -N54, 0) -> 0
A55: 54 | B55: Dera Bassi | C55: =VLOOKUP(B:B,Courts!B:F,5,FALSE()) -> 10 | D55: 0 | E55: 1 | F55: 0 | G55: 0 | H55: 1 | I55: 0 | J55: 0 | K55: 9 | L55: =SUM(D55+E55+F55+G55+K55) -> 10 | M55: =C55*1 -> 10 | N55: =L55-M55 -> 0 | O55: =IF(N55<0, -N55, 0) -> 0
A56: 55 | B56: Kharar | C56: =VLOOKUP(B:B,Courts!B:F,5,FALSE()) -> 9 | D56: 0 | E56: 1 | F56: 0 | G56: 0 | H56: 1 | I56: 1 | J56: 0 | K56: 8 | L56: =SUM(D56+E56+F56+G56+K56) -> 9 | M56: =C56*1 -> 9 | N56: =L56-M56 -> 0 | O56: =IF(N56<0, -N56, 0) -> 0
A57: 56 | B57: Sangrur | C57: =VLOOKUP(B:B,Courts!B:F,5,FALSE()) -> 17 | D57: 1 | E57: 1 | F57: 0 | G57: 0 | H57: 1 | I57: 2 | J57: 1 | K57: 16 | L57: =SUM(D57+E57+F57+G57+K57) -> 18 | M57: =C57*1 -> 17 | N57: =L57-M57 -> 1 | O57: =IF(N57<0, -N57, 0) -> 0
A58: 57 | B58: Malerkotla | C58: =VLOOKUP(B:B,Courts!B:F,5,FALSE()) -> 8 | D58: 0 | E58: 1 | F58: 0 | G58: 0 | H58: 1 | I58: 1 | J58: 0 | K58: 6 | L58: =SUM(D58+E58+F58+G58+K58) -> 7 | M58: =C58*1 -> 8 | N58: =L58-M58 -> -1 | O58: 0
A59: 58 | B59: Sunam | C59: =VLOOKUP(B:B,Courts!B:F,5,FALSE()) -> 6 | D59: 0 | E59: 1 | F59: 0 | G59: 0 | H59: 1 | I59: 0 | J59: 0 | K59: 5 | L59: =SUM(D59+E59+F59+G59+K59) -> 6 | M59: =C59*1 -> 6 | N59: =L59-M59 -> 0 | O59: =IF(N59<0, -N59, 0) -> 0
A60: 59 | B60: Moonak | C60: =VLOOKUP(B:B,Courts!B:F,5,FALSE()) -> 4 | D60: 0 | E60: 1 | F60: 0 | G60: 0 | H60: 1 | I60: 0 | J60: 0 | K60: 3 | L60: =SUM(D60+E60+F60+G60+K60) -> 4 | M60: =C60*1 -> 4 | N60: =L60-M60 -> 0 | O60: =IF(N60<0, -N60, 0) -> 0
A61: 60 | B61: Dhuri | C61: =VLOOKUP(B:B,Courts!B:F,5,FALSE()) -> 6 | D61: 0 | E61: 1 | F61: 0 | G61: 0 | H61: 1 | I61: 0 | J61: 0 | K61: 6 | L61: =SUM(D61+E61+F61+G61+K61) -> 7 | M61: =C61*1 -> 6 | N61: =L61-M61 -> 1 | O61: =IF(N61<0, -N61, 0) -> 0
A62: 61 | B62: Sri Muktsar Sahib | C62: =VLOOKUP(B:B,Courts!B:F,5,FALSE()) -> 9 | D62: 1 | E62: 1 | F62: 0 | G62: 0 | H62: 1 | I62: 1 | J62: 1 | K62: 8 | L62: =SUM(D62+E62+F62+G62+K62) -> 10 | M62: =C62*1 -> 9 | N62: =L62-M62 -> 1 | O62: =IF(N62<0, -N62, 0) -> 0
A63: 62 | B63: Gidderbaha | C63: =VLOOKUP(B:B,Courts!B:F,5,FALSE()) -> 4 | D63: 0 | E63: 1 | F63: 0 | G63: 0 | H63: 1 | I63: 0 | J63: 0 | K63: 4 | L63: =SUM(D63+E63+F63+G63+K63) -> 5 | M63: =C63*1 -> 4 | N63: =L63-M63 -> 1 | O63: =IF(N63<0, -N63, 0) -> 0
A64: 63 | B64: Malout | C64: =VLOOKUP(B:B,Courts!B:F,5,FALSE()) -> 7 | D64: 0 | E64: 1 | F64: 0 | G64: 0 | H64: 1 | I64: 0 | J64: 0 | K64: 6 | L64: =SUM(D64+E64+F64+G64+K64) -> 7 | M64: =C64*1 -> 7 | N64: =L64-M64 -> 0 | O64: =IF(N64<0, -N64, 0) -> 0
A65: 64 | B65: SBS Nagar | C65: =VLOOKUP(B:B,Courts!B:F,5,FALSE()) -> 13 | D65: 1 | E65: 1 | F65: 0 | G65: 0 | H65: 1 | I65: 1 | J65: 1 | K65: 13 | L65: =SUM(D65+E65+F65+G65+K65) -> 15 | M65: =C65*1 -> 13 | N65: =L65-M65 -> 2 | O65: =IF(N65<0, -N65, 0) -> 0
A66: 65 | B66: Balachaur | C66: =VLOOKUP(B:B,Courts!B:F,5,FALSE()) -> 3 | D66: 0 | E66: 1 | F66: 0 | G66: 0 | H66: 1 | I66: 0 | J66: 0 | K66: 2 | L66: =SUM(D66+E66+F66+G66+K66) -> 3 | M66: =C66*1 -> 3 | N66: =L66-M66 -> 0 | O66: =IF(N66<0, -N66, 0) -> 0
A67: 66 | B67: Tarn Taran | C67: =VLOOKUP(B:B,Courts!B:F,5,FALSE()) -> 10 | D67: 1 | E67: 1 | F67: 0 | G67: 0 | H67: 1 | I67: 1 | J67: 1 | K67: 12 | L67: =SUM(D67+E67+F67+G67+K67) -> 14 | M67: =C67*1 -> 10 | N67: =L67-M67 -> 4 | O67: =IF(N67<0, -N67, 0) -> 0
A68: 67 | B68: Patti | C68: =VLOOKUP(B:B,Courts!B:F,5,FALSE()) -> 7 | D68: 0 | E68: 1 | F68: 0 | G68: 0 | H68: 1 | I68: 0 | J68: 0 | K68: 6 | L68: =SUM(D68+E68+F68+G68+K68) -> 7 | M68: =C68*1 -> 7 | N68: =L68-M68 -> 0 | O68: =IF(N68<0, -N68, 0) -> 0
A69: 68 | B69: Khadoor Sahib | C69: =VLOOKUP(B:B,Courts!B:F,5,FALSE()) -> 3 | D69: 0 | E69: 1 | F69: 0 | G69: 0 | H69: 1 | I69: 0 | J69: 0 | K69: 2 | L69: =SUM(D69+E69+F69+G69+K69) -> 3 | M69: =C69*1 -> 3 | N69: =L69-M69 -> 0 | O69: =IF(N69<0, -N69, 0) -> 0
A70: 69 | B70: Chandigarh | C70: =VLOOKUP(B:B,Courts!B:F,5,FALSE()) -> 28 | D70: 1 | E70: 1 | F70: 0 | G70: 2 | H70: 3 | I70: 3 | J70: 2 | K70: 32 | L70: =SUM(D70+E70+F70+G70+K70) -> 36 | M70: =C70*1 -> 28 | N70: =L70-M70 -> 8 | O70: =IF(N70<0, -N70, 0) -> 0
... A80: 79 | B80: Tohana | C80: =VLOOKUP(B:B,Courts!B:F,5,FALSE()) -> 3 | D80: 0 | E80: 1 | F80: 0 | G80: 0 | H80: 1 | I80: 0 | J80: 0 | K80: 3 | L80: =SUM(D80+E80+F80+G80+K80) -> 4 | M80: =C80*1 -> 3 | N80: =L80-M80 -> 1 | O80: =IF(N80<0, -N80, 0) -> 0
A81: 80 | B81: Ratia | C81: =VLOOKUP(B:B,Courts!B:F,5,FALSE()) -> 4 | D81: 0 | E81: 1 | F81: 0 | G81: 0 | H81: 1 | I81: 0 | J81: 0 | K81: 2 | L81: =SUM(D81+E81+F81+G81+K81) -> 3 | M81: =C81*1 -> 4 | N81: =L81-M81 -> -1 | O81: 0
A82: 81 | B82: Gurugram | C82: =VLOOKUP(B:B,Courts!B:F,5,FALSE()) -> 62 | D82: 1 | E82: 1 | F82: 0 | G82: 2 | H82: 3 | I82: 4 | J82: 2 | K82: 52 | L82: =SUM(D82+E82+F82+G82+K82) -> 56 | M82: =C82*1 -> 62 | N82: =L82-M82 -> -6 | O82: =IF(N82<0, -N82, 0) -> 6
A83: 82 | B83: Pataudi | C83: =VLOOKUP(B:B,Courts!B:F,5,FALSE()) -> 5 | D83: 0 | E83: 1 | F83: 0 | G83: 0 | H83: 1 | I83: 0 | J83: 0 | K83: 3 | L83: =SUM(D83+E83+F83+G83+K83) -> 4 | M83: =C83*1 -> 5 | N83: =L83-M83 -> -1 | O83: =IF(N83<0, -N83, 0) -> 1
A84: 83 | B84: Sohna | C84: =VLOOKUP(B:B,Courts!B:F,5,FALSE()) -> 5 | D84: 0 | E84: 1 | F84: 0 | G84: 0 | H84: 1 | I84: 0 | J84: 0 | K84: 3 | L84: =SUM(D84+E84+F84+G84+K84) -> 4 | M84: =C84*1 -> 5 | N84: =L84-M84 -> -1 | O84: =IF(N84<0, -N84, 0) -> 1
A85: 84 | B85: Hisar | C85: =VLOOKUP(B:B,Courts!B:F,5,FALSE()) -> 32 | D85: 1 | E85: 1 | F85: 0 | G85: 0 | H85: 1 | I85: 2 | J85: 1 | K85: 24 | L85: =SUM(D85+E85+F85+G85+K85) -> 26 | M85: =C85*1 -> 32 | N85: =L85-M85 -> -6 | O85: =IF(N85<0, -N85, 0) -> 6
A86: 85 | B86: Hansi | C86: =VLOOKUP(B:B,Courts!B:F,5,FALSE()) -> 5 | D86: 0 | E86: 1 | F86: 0 | G86: 0 | H86: 1 | I86: 0 | J86: 0 | K86: 4 | L86: =SUM(D86+E86+F86+G86+K86) -> 5 | M86: =C86*1 -> 5 | N86: =L86-M86 -> 0 | O86: =IF(N86<0, -N86, 0) -> 0
A87: 86 | B87: Narnaud | C87: =VLOOKUP(B:B,Courts!B:F,5,FALSE()) -> 2 | D87: 0 | E87: 0 | F87: 0 | G87: 0 | H87: 0 | I87: 0 | J87: 0 | K87: 0 | L87: =SUM(D87+E87+F87+G87+K87) -> 0 | M87: =C87*1 -> 2 | N87: =L87-M87 -> -2 | O87: 2
A88: 87 | B88: Barwala | C88: =VLOOKUP(B:B,Courts!B:F,5,FALSE()) -> 3 | D88: 0 | E88: 0 | F88: 0 | G88: 0 | H88: 0 | I88: 0 | J88: 0 | K88: 0 | L88: =SUM(D88+E88+F88+G88+K88) -> 0 | M88: =C88*1 -> 3 | N88: =L88-M88 -> -3 | O88: 3
A89: 88 | B89: Jhajjar | C89: =VLOOKUP(B:B,Courts!B:F,5,FALSE()) -> 13 | D89: 1 | E89: 1 | F89: 0 | G89: 0 | H89: 1 | I89: 1 | J89: 1 | K89: 13 | L89: =SUM(D89+E89+F89+G89+K89) -> 15 | M89: =C89*1 -> 13 | N89: =L89-M89 -> 2 | O89: =IF(N89<0, -N89, 0) -> 0
A90: 89 | B90: Bahadurgarh | C90: =VLOOKUP(B:B,Courts!B:F,5,FALSE()) -> 7 | D90: 0 | E90: 1 | F90: 0 | G90: 0 | H90: 1 | I90: 0 | J90: 0 | K90: 6 | L90: =SUM(D90+E90+F90+G90+K90) -> 7 | M90: =C90*1 -> 7 | N90: =L90-M90 -> 0 | O90: =IF(N90<0, -N90, 0) -> 0
A91: 90 | B91: Jind | C91: =VLOOKUP(B:B,Courts!B:F,5,FALSE()) -> 13 | D91: 1 | E91: 1 | F91: 0 | G91: 0 | H91: 1 | I91: 2 | J91: 1 | K91: 12 | L91: =SUM(D91+E91+F91+G91+K91) -> 14 | M91: =C91*1 -> 13 | N91: =L91-M91 -> 1 | O91: =IF(N91<0, -N91, 0) -> 0
A92: 91 | B92: Narwana | C92: =VLOOKUP(B:B,Courts!B:F,5,FALSE()) -> 4 | D92: 0 | E92: 1 | F92: 0 | G92: 0 | H92: 1 | I92: 0 | J92: 0 | K92: 3 | L92: =SUM(D92+E92+F92+G92+K92) -> 4 | M92: =C92*1 -> 4 | N92: =L92-M92 -> 0 | O92: =IF(N92<0, -N92, 0) -> 0
A93: 92 | B93: Safidon | C93: =VLOOKUP(B:B,Courts!B:F,5,FALSE()) -> 4 | D93: 0 | E93: 1 | F93: 0 | G93: 0 | H93: 1 | I93: 0 | J93: 0 | K93: 1 | L93: =SUM(D93+E93+F93+G93+K93) -> 2 | M93: =C93*1 -> 4 | N93: =L93-M93 -> -2 | O93: 1
A94: 93 | B94: Kaithal | C94: =VLOOKUP(B:B,Courts!B:F,5,FALSE()) -> 19 | D94: 1 | E94: 1 | F94: 0 | G94: 0 | H94: 1 | I94: 2 | J94: 1 | K94: 18 | L94: =SUM(D94+E94+F94+G94+K94) -> 20 | M94: =C94*1 -> 19 | N94: =L94-M94 -> 1 | O94: =IF(N94<0, -N94, 0) -> 0
A95: 94 | B95: Guhla | C95: =VLOOKUP(B:B,Courts!B:F,5,FALSE()) -> 3 | D95: 0 | E95: 1 | F95: 0 | G95: 0 | H95: 1 | I95: 0 | J95: 0 | K95: 2 | L95: =SUM(D95+E95+F95+G95+K95) -> 3 | M95: =C95*1 -> 3 | N95: =L95-M95 -> 0 | O95: =IF(N95<0, -N95, 0) -> 0
A96: 95 | B96: Karnal | C96: =VLOOKUP(B:B,Courts!B:F,5,FALSE()) -> 33 | D96: 1 | E96: 1 | F96: 0 | G96: 0 | H96: 1 | I96: 2 | J96: 2 | K96: 31 | L96: =SUM(D96+E96+F96+G96+K96) -> 33 | M96: =C96*1 -> 33 | N96: =L96-M96 -> 0 | O96: =IF(N96<0, -N96, 0) -> 0
A97: 96 | B97: Assandh | C97: =VLOOKUP(B:B,Courts!B:F,5,FALSE()) -> 3 | D97: 0 | E97: 1 | F97: 0 | G97: 0 | H97: 1 | I97: 0 | J97: 0 | K97: 3 | L97: =SUM(D97+E97+F97+G97+K97) -> 4 | M97: =C97*1 -> 3 | N97: =L97-M97 -> 1 | O97: =IF(N97<0, -N97, 0) -> 0
A98: 97 | B98: Gharaunda | C98: =VLOOKUP(B:B,Courts!B:F,5,FALSE()) -> 1 | D98: 0 | E98: 0 | F98: 0 | G98: 0 | H98: 0 | I98: 0 | J98: 0 | K98: 0 | L98: =SUM(D98+E98+F98+G98+K98) -> 0 | M98: =C98*1 -> 1 | N98: =L98-M98 -> -1 | O98: 0
A99: 98 | B99: Indri | C99: =VLOOKUP(B:B,Courts!B:F,5,FALSE()) -> 2 | D99: 0 | E99: 1 | F99: 0 | G99: 0 | H99: 1 | I99: 0 | J99: 0 | K99: 2 | L99: =SUM(D99+E99+F99+G99+K99) -> 3 | M99: =C99*1 -> 2 | N99: =L99-M99 -> 1 | O99: =IF(N99<0, -N99, 0) -> 0
A100: 99 | B100: Kurukshetra | C100: =VLOOKUP(B:B,Courts!B:F,5,FALSE()) -> 16 | D100: 1 | E100: 1 | F100: 0 | G100: 0 | H100: 1 | I100: 2 | J100: 1 | K100: 18 | L100: =SUM(D100+E100+F100+G100+K100) -> 20 | M100: =C100*1 -> 16 | N100: =L100-M100 -> 4 | O100: =IF(N100<0, -N100, 0) -> 0
A101: 100 | B101: Pehowa | C101: =VLOOKUP(B:B,Courts!B:F,5,FALSE()) -> 4 | D101: 0 | E101: 1 | F101: 0 | G101: 0 | H101: 1 | I101: 0 | J101: 0 | K101: 2 | L101: =SUM(D101+E101+F101+G101+K101) -> 3 | M101: =C101*1 -> 4 | N101: =L101-M101 -> -1 | O101: 0
A102: 101 | B102: Shahabad | C102: =VLOOKUP(B:B,Courts!B:F,5,FALSE()) -> 3 | D102: 0 | E102: 1 | F102: 0 | G102: 0 | H102: 1 | I102: 0 | J102: 0 | K102: 2 | L102: =SUM(D102+E102+F102+G102+K102) -> 3 | M102: =C102*1 -> 3 | N102: =L102-M102 -> 0 | O102: =IF(N102<0, -N102, 0) -> 0
A103: 102 | B103: Gram Nyayalya - Ladwa | C103: =VLOOKUP(B:B,Courts!B:F,5,FALSE()) -> 1 | D103: 0 | E103: 0 | F103: 0 | G103: 0 | H103: 0 | I103: 0 | J103: 0 | K103: 1 | L103: =SUM(D103+E103+F103+G103+K103) -> 1 | M103: =C103*1 -> 1 | N103: =L103-M103 -> 0 | O103: =IF(N103<0, -N103, 0) -> 0
A104: 103 | B104: Narnaul | C104: =VLOOKUP(B:B,Courts!B:F,5,FALSE()) -> 15 | D104: 1 | E104: 1 | F104: 0 | G104: 0 | H104: 1 | I104: 2 | J104: 1 | K104: 13 | L104: =SUM(D104+E104+F104+G104+K104) -> 15 | M104: =C104*1 -> 15 | N104: =L104-M104 -> 0 | O104: =IF(N104<0, -N104, 0) -> 0
A105: 104 | B105: Mohindergarh | C105: =VLOOKUP(B:B,Courts!B:F,5,FALSE()) -> 5 | D105: 0 | E105: 1 | F105: 0 | G105: 0 | H105: 1 | I105: 0 | J105: 0 | K105: 3 | L105: =SUM(D105+E105+F105+G105+K105) -> 4 | M105: =C105*1 -> 5 | N105: =L105-M105 -> -1 | O105: =IF(N105<0, -N105, 0) -> 1
A106: 105 | B106: Kanina | C106: =VLOOKUP(B:B,Courts!B:F,5,FALSE()) -> 4 | D106: 0 | E106: 1 | F106: 0 | G106: 0 | H106: 1 | I106: 0 | J106: 0 | K106: 2 | L106: =SUM(D106+E106+F106+G106+K106) -> 3 | M106: =C106*1 -> 4 | N106: =L106-M106 -> -1 | O106: =IF(N106<0, -N106, 0) -> 1
A107: 106 | B107: Mewat at Nuh | C107: =VLOOKUP(B:B,Courts!B:F,5,FALSE()) -> 14 | D107: 1 | E107: 1 | F107: 0 | G107: 0 | H107: 1 | I107: 1 | J107: 1 | K107: 16 | L107: =SUM(D107+E107+F107+G107+K107) -> 18 | M107: =C107*1 -> 14 | N107: =L107-M107 -> 4 | O107: =IF(N107<0, -N107, 0) -> 0
A108: 107 | B108: Ferozepur Jhirka | C108: =VLOOKUP(B:B,Courts!B:F,5,FALSE()) -> 3 | D108: 0 | E108: 1 | F108: 0 | G108: 0 | H108: 1 | I108: 0 | J108: 0 | K108: 3 | L108: =SUM(D108+E108+F108+G108+K108) -> 4 | M108: =C108*1 -> 3 | N108: =L108-M108 -> 1 | O108: =IF(N108<0, -N108, 0) -> 0
A109: 108 | B109: Punhana | C109: =VLOOKUP(B:B,Courts!B:F,5,FALSE()) -> 5 | D109: 0 | E109: 0 | F109: 0 | G109: 0 | H109: 0 | I109: 1 | J109: 0 | K109: 2 | L109: =SUM(D109+E109+F109+G109+K109) -> 2 | M109: =C109*1 -> 5 | N109: =L109-M109 -> -3 | O109: 0
A110: 109 | B110: Palwal | C110: =VLOOKUP(B:B,Courts!B:F,5,FALSE()) -> 17 | D110: 1 | E110: 1 | F110: 0 | G110: 0 | H110: 1 | I110: 2 | J110: 1 | K110: 16 | L110: =SUM(D110+E110+F110+G110+K110) -> 18 | M110: =C110*1 -> 17 | N110: =L110-M110 -> 1 | O110: =IF(N110<0, -N110, 0) -> 0
A111: 110 | B111: Hodel | C111: =VLOOKUP(B:B,Courts!B:F,5,FALSE()) -> 4 | D111: 0 | E111: 1 | F111: 0 | G111: 0 | H111: 1 | I111: 0 | J111: 0 | K111: 4 | L111: =SUM(D111+E111+F111+G111+K111) -> 5 | M111: =C111*1 -> 4 | N111: =L111-M111 -> 1 | O111: =IF(N111<0, -N111, 0) -> 0
A112: 111 | B112: Hathin | C112: =VLOOKUP(B:B,Courts!B:F,5,FALSE()) -> 3 | D112: 0 | E112: 1 | F112: 0 | G112: 0 | H112: 1 | I112: 0 | J112: 0 | K112: 3 | L112: =SUM(D112+E112+F112+G112+K112) -> 4 | M112: =C112*1 -> 3 | N112: =L112-M112 -> 1 | O112: =IF(N112<0, -N112, 0) -> 0
A113: 112 | B113: Panipat | C113: =VLOOKUP(B:B,Courts!B:F,5,FALSE()) -> 22 | D113: 1 | E113: 1 | F113: 0 | G113: 0 | H113: 1 | I113: 2 | J113: 1 | K113: 18 | L113: =SUM(D113+E113+F113+G113+K113) -> 20 | M113: =C113*1 -> 22 | N113: =L113-M113 -> -2 | O113: =IF(N113<0, -N113, 0) -> 2
A114: 113 | B114: Samalkha | C114: =VLOOKUP(B:B,Courts!B:F,5,FALSE()) -> 5 | D114: 0 | E114: 1 | F114: 0 | G114: 0 | H114: 1 | I114: 0 | J114: 0 | K114: 3 | L114: =SUM(D114+E114+F114+G114+K114) -> 4 | M114: =C114*1 -> 5 | N114: =L114-M114 -> -1 | O114: =IF(N114<0, -N114, 0) -> 1
A115: 114 | B115: Panchkula | C115: =VLOOKUP(B:B,Courts!B:F,5,FALSE()) -> 12 | D115: 1 | E115: 1 | F115: 0 | G115: 0 | H115: 1 | I115: 2 | J115: 1 | K115: 9 | L115: =SUM(D115+E115+F115+G115+K115) -> 11 | M115: =C115*1 -> 12 | N115: =L115-M115 -> -1 | O115: 0
A116: 115 | B116: Kalka | C116: =VLOOKUP(B:B,Courts!B:F,5,FALSE()) -> 2 | D116: 0 | E116: 1 | F116: 0 | G116: 0 | H116: 1 | I116: 0 | J116: 0 | K116: 2 | L116: =SUM(D116+E116+F116+G116+K116) -> 3 | M116: =C116*1 -> 2 | N116: =L116-M116 -> 1 | O116: =IF(N116<0, -N116, 0) -> 0
A117: 116 | B117: Rewari | C117: =VLOOKUP(B:B,Courts!B:F,5,FALSE()) -> 21 | D117: 1 | E117: 1 | F117: 0 | G117: 0 | H117: 1 | I117: 2 | J117: 1 | K117: 17 | L117: =SUM(D117+E117+F117+G117+K117) -> 19 | M117: =C117*1 -> 21 | N117: =L117-M117 -> -2 | O117: =IF(N117<0, -N117, 0) -> 2
A118: 117 | B118: Kosli | C118: =VLOOKUP(B:B,Courts!B:F,5,FALSE()) -> 3 | D118: 0 | E118: 1 | F118: 0 | G118: 0 | H118: 1 | I118: 0 | J118: 0 | K118: 2 | L118: =SUM(D118+E118+F118+G118+K118) -> 3 | M118: =C118*1 -> 3 | N118: =L118-M118 -> 0 | O118: =IF(N118<0, -N118, 0) -> 0
A119: 118 | B119: Bawal | C119: =VLOOKUP(B:B,Courts!B:F,5,FALSE()) -> 3 | D119: 0 | E119: 1 | F119: 0 | G119: 0 | H119: 1 | I119: 0 | J119: 0 | K119: 2 | L119: =SUM(D119+E119+F119+G119+K119) -> 3 | M119: =C119*1 -> 3 | N119: =L119-M119 -> 0 | O119: =IF(N119<0, -N119, 0) -> 0
A120: 119 | B120: Rohtak | C120: =VLOOKUP(B:B,Courts!B:F,5,FALSE()) -> 24 | D120: 1 | E120: 1 | F120: 0 | G120: 0 | H120: 1 | I120: 2 | J120: 1 | K120: 20 | L120: =SUM(D120+E120+F120+G120+K120) -> 22 | M120: =C120*1 -> 24 | N120: =L120-M120 -> -2 | O120: 1
A121: 120 | B121: Meham | C121: =VLOOKUP(B:B,Courts!B:F,5,FALSE()) -> 2 | D121: 0 | E121: 1 | F121: 0 | G121: 0 | H121: 1 | I121: 0 | J121: 0 | K121: 2 | L121: =SUM(D121+E121+F121+G121+K121) -> 3 | M121: =C121*1 -> 2 | N121: =L121-M121 -> 1 | O121: =IF(N121<0, -N121, 0) -> 0
A122: 121 | B122: Sirsa | C122: =VLOOKUP(B:B,Courts!B:F,5,FALSE()) -> 17 | D122: 1 | E122: 1 | F122: 0 | G122: 0 | H122: 1 | I122: 1 | J122: 1 | K122: 13 | L122: =SUM(D122+E122+F122+G122+K122) -> 15 | M122: =C122*1 -> 17 | N122: =L122-M122 -> -2 | O122: =IF(N122<0, -N122, 0) -> 2
A123: 122 | B123: Dabwali | C123: =VLOOKUP(B:B,Courts!B:F,5,FALSE()) -> 4 | D123: 0 | E123: 1 | F123: 0 | G123: 0 | H123: 1 | I123: 0 | J123: 0 | K123: 3 | L123: =SUM(D123+E123+F123+G123+K123) -> 4 | M123: =C123*1 -> 4 | N123: =L123-M123 -> 0 | O123: =IF(N123<0, -N123, 0) -> 0
A124: 123 | B124: Ellenabad | C124: =VLOOKUP(B:B,Courts!B:F,5,FALSE()) -> 3 | D124: 0 | E124: 1 | F124: 0 | G124: 0 | H124: 1 | I124: 0 | J124: 0 | K124: 2 | L124: =SUM(D124+E124+F124+G124+K124) -> 3 | M124: =C124*1 -> 3 | N124: =L124-M124 -> 0 | O124: =IF(N124<0, -N124, 0) -> 0
A125: 124 | B125: Gram Nyayalya - Rania | C125: =VLOOKUP(B:B,Courts!B:F,5,FALSE()) -> 1 | D125: 0 | E125: 0 | F125: 0 | G125: 0 | H125: 0 | I125: 0 | J125: 0 | K125: 1 | L125: =SUM(D125+E125+F125+G125+K125) -> 1 | M125: =C125*1 -> 1 | N125: =L125-M125 -> 0 | O125: =IF(N125<0, -N125, 0) -> 0
A126: 125 | B126: Sonepat | C126: =VLOOKUP(B:B,Courts!B:F,5,FALSE()) -> 21 | D126: 1 | E126: 1 | F126: 0 | G126: 0 | H126: 1 | I126: 2 | J126: 1 | K126: 21 | L126: =SUM(D126+E126+F126+G126+K126) -> 23 | M126: =C126*1 -> 21 | N126: =L126-M126 -> 2 | O126: =IF(N126<0, -N126, 0) -> 0
A127: 126 | B127: Ganaur | C127: =VLOOKUP(B:B,Courts!B:F,5,FALSE()) -> 3 | D127: 0 | E127: 1 | F127: 0 | G127: 0 | H127: 1 | I127: 0 | J127: 0 | K127: 2 | L127: =SUM(D127+E127+F127+G127+K127) -> 3 | M127: =C127*1 -> 3 | N127: =L127-M127 -> 0 | O127: =IF(N127<0, -N127, 0) -> 0
A128: 127 | B128: Gohana | C128: =VLOOKUP(B:B,Courts!B:F,5,FALSE()) -> 5 | D128: 0 | E128: 1 | F128: 0 | G128: 0 | H128: 1 | I128: 0 | J128: 0 | K128: 3 | L128: =SUM(D128+E128+F128+G128+K128) -> 4 | M128: =C128*1 -> 5 | N128: =L128-M128 -> -1 | O128: 0
A129: 128 | B129: Kharkhoda | C129: =VLOOKUP(B:B,Courts!B:F,5,FALSE()) -> 3 | D129: 0 | E129: 1 | F129: 0 | G129: 0 | H129: 1 | I129: 0 | J129: 0 | K129: 2 | L129: =SUM(D129+E129+F129+G129+K129) -> 3 | M129: =C129*1 -> 3 | N129: =L129-M129 -> 0 | O129: =IF(N129<0, -N129, 0) -> 0
A130: 129 | B130: Yamunanagar at Jagadhri | C130: =VLOOKUP(B:B,Courts!B:F,5,FALSE()) -> 22 | D130: 1 | E130: 1 | F130: 0 | G130: 0 | H130: 1 | I130: 2 | J130: 1 | K130: 24 | L130: =SUM(D130+E130+F130+G130+K130) -> 26 | M130: =C130*1 -> 22 | N130: =L130-M130 -> 4 | O130: =IF(N130<0, -N130, 0) -> 0
A131: 130 | B131: Bilaspur | C131: =VLOOKUP(B:B,Courts!B:F,5,FALSE()) -> 7 | D131: 0 | E131: 1 | F131: 0 | G131: 0 | H131: 1 | I131: 0 | J131: 0 | K131: 3 | L131: =SUM(D131+E131+F131+G131+K131) -> 4 | M131: =C131*1 -> 7 | N131: =L131-M131 -> -3 | O131: 0
B133: Total | C133: =SUM(C2:C132) -> 1336 | D133: =SUM(D2:D132) -> 43 | E133: =SUM(E2:E132) -> 120 | F133: =SUM(F2:F132) -> 2 | G133: =SUM(G2:G132) -> 12 | H133: =SUM(H2:H132) -> 134 | I133: =SUM(I2:I132) -> 100 | J133: =SUM(J2:J132) -> 52 | ... O133: =SUM(O2:O132) -> 38
A135: 1 | B135: Punjab | C135: =SUM(C2:C69) -> 685 | D135: =SUM(D2:D69) -> 21 | E135: =SUM(E2:E69) -> 64 | F135: =SUM(F2:F69) -> 2 | G135: =SUM(G2:G69) -> 6 | H135: =SUM(H2:H69) -> 72 | I135: =SUM(I2:I69) -> 55 | J135: =SUM(J2:J69) -> 25 | ... O135: =SUM(O2:O69) -> 0
A136: 2 | B136: Haryana | C136: =SUM(C71:C131) -> 623 | D136: =SUM(D71:D131) -> 21 | E136: =SUM(E71:E131) -> 55 | F136: =SUM(F71:F131) -> 0 | G136: =SUM(G71:G131) -> 4 | H136: =SUM(H71:H131) -> 59 | I136: =SUM(I71:I131) -> 42 | J136: =SUM(J71:J131) -> 25 | ... O136: =SUM(O71:O131) -> 38
A137: 3 | B137: Chandigarh | C137: =SUM(C70) -> 28 | D137: =SUM(D70) -> 1 | E137: =SUM(E70) -> 1 | F137: =SUM(F70) -> 0 | G137: =SUM(G70) -> 2 | H137: =SUM(H70) -> 3 | I137: =SUM(I70) -> 3 | J137: =SUM(J70) -> 2 | ... O137: =SUM(O70) -> 0
B138: =B133 -> Total | C138: =SUM(C135:C137) -> 1336 | D138: =SUM(D135:D137) -> 43 | E138: =SUM(E135:E137) -> 120 | F138: =SUM(F135:F137) -> 2 | G138: =SUM(G135:G137) -> 12 | H138: =SUM(H135:H137) -> 134 | I138: =SUM(I135:I137) -> 100 | J138: =SUM(J135:J137) -> 52 | ... O138: =SUM(O135:O137) -> 38

Sheet DisBo
A1: Sr. No. | B1: Sessions Division/Sub-Division | C1: Total number of working Court including family Courts (excluding Officers working as Secy, DLSA, ADJ/ ACJ as Spl. Judge, CBI Court & SJM, POIT/ Special Tribunal) as on 10.11.2025 | D1: Number of family Camp Court/ Gram Nyayalaya updated as on 10.11.2025 | E1: TJOs | F1: 2018 | G1: 2019 | H1: 2023 | I1: Total supplied | J1: Requirement | K1: Addl requirment (- shortfall/ + surplus) | L1: Addl requirment after adjustment within Distt (- shortfall/ + surplus)
A2: 1 | B2: Amritsar | C2: =VLOOKUP(B:B,Courts!B:F,2,FALSE()) -> 48 | D2: =VLOOKUP(B:B,Courts!B:E,4,FALSE()) -> 0 | E2: =VLOOKUP(B:B,Courts!B:D,3,FALSE()) -> 0 | F2: 33 | G2: 0 | H2: 2 | I2: =SUM(F2:H2) -> 35 | J2: =SUM(C2:E2)*1 -> 48 | K2: =I2-J2 -> -13 | L2: -13
A3: 2 | B3: Ajnala | C3: =VLOOKUP(B:B,Courts!B:F,2,FALSE()) -> 5 | D3: =VLOOKUP(B:B,Courts!B:E,4,FALSE()) -> 1 | E3: =VLOOKUP(B:B,Courts!B:D,3,FALSE()) -> 0 | F3: 4 | G3: 0 | H3: 1 | I3: =SUM(F3:H3) -> 5 | J3: =SUM(C3:E3)*1 -> 6 | K3: =I3-J3 -> -1 | L3: -1
A4: 3 | B4: Baba Bakala | C4: =VLOOKUP(B:B,Courts!B:F,2,FALSE()) -> 4 | D4: =VLOOKUP(B:B,Courts!B:E,4,FALSE()) -> 1 | E4: =VLOOKUP(B:B,Courts!B:D,3,FALSE()) -> 0 | F4: 1 | G4: 0 | H4: 2 | I4: =SUM(F4:H4) -> 3 | J4: =SUM(C4:E4)*1 -> 5 | K4: =I4-J4 -> -2 | L4: -2
A5: 4 | B5: Barnala | C5: =VLOOKUP(B:B,Courts!B:F,2,FALSE()) -> 11 | D5: =VLOOKUP(B:B,Courts!B:E,4,FALSE()) -> 0 | E5: =VLOOKUP(B:B,Courts!B:D,3,FALSE()) -> 0 | F5: 9 | G5: 0 | H5: 2 | I5: =SUM(F5:H5) -> 11 | J5: =SUM(C5:E5)*1 -> 11 | K5: =I5-J5 -> 0 | L5: 0
A6: 5 | B6: Bathinda | C6: =VLOOKUP(B:B,Courts!B:F,2,FALSE()) -> 25 | D6: =VLOOKUP(B:B,Courts!B:E,4,FALSE()) -> 0 | E6: =VLOOKUP(B:B,Courts!B:D,3,FALSE()) -> 0 | F6: 18 | G6: 0 | H6: 2 | I6: =SUM(F6:H6) -> 20 | J6: =SUM(C6:E6)*1 -> 25 | K6: =I6-J6 -> -5 | L6: -5
A7: 6 | B7: Talwandi Sabo | C7: =VLOOKUP(B:B,Courts!B:F,2,FALSE()) -> 6 | D7: =VLOOKUP(B:B,Courts!B:E,4,FALSE()) -> 1 | E7: =VLOOKUP(B:B,Courts!B:D,3,FALSE()) -> 0 | F7: 2 | G7: 0 | H7: 2 | I7: =SUM(F7:H7) -> 4 | J7: =SUM(C7:E7)*1 -> 7 | K7: =I7-J7 -> -3 | L7: -3
A8: 7 | B8: Phul | C8: =VLOOKUP(B:B,Courts!B:F,2,FALSE()) -> 4 | D8: =VLOOKUP(B:B,Courts!B:E,4,FALSE()) -> 1 | E8: =VLOOKUP(B:B,Courts!B:D,3,FALSE()) -> 0 | F8: 2 | G8: 0 | H8: 1 | I8: =SUM(F8:H8) -> 3 | J8: =SUM(C8:E8)*1 -> 5 | K8: =I8-J8 -> -2 | L8: -2
A9: 8 | B9: Faridkot | C9: =VLOOKUP(B:B,Courts!B:F,2,FALSE()) -> 12 | D9: =VLOOKUP(B:B,Courts!B:E,4,FALSE()) -> 0 | E9: =VLOOKUP(B:B,Courts!B:D,3,FALSE()) -> 0 | F9: 10 | G9: 0 | H9: 0 | I9: =SUM(F9:H9) -> 10 | J9: =SUM(C9:E9)*1 -> 12 | K9: =I9-J9 -> -2 | L9: -2
A10: 9 | B10: Jaitu | C10: =VLOOKUP(B:B,Courts!B:F,2,FALSE()) -> 2 | D10: =VLOOKUP(B:B,Courts!B:E,4,FALSE()) -> 0 | E10: =VLOOKUP(B:B,Courts!B:D,3,FALSE()) -> 0 | F10: 1 | G10: 0 | H10: 0 | I10: =SUM(F10:H10) -> 1 | J10: =SUM(C10:E10)*1 -> 2 | K10: =I10-J10 -> -1 | L10: -1
A11: 10 | B11: Fatehgarh Sahib | C11: =VLOOKUP(B:B,Courts!B:F,2,FALSE()) -> 11 | D11: =VLOOKUP(B:B,Courts!B:E,4,FALSE()) -> 0 | E11: =VLOOKUP(B:B,Courts!B:D,3,FALSE()) -> 0 | F11: 12 | G11: 0 | H11: 0 | I11: =SUM(F11:H11) -> 12 | J11: =SUM(C11:E11)*1 -> 11 | K11: =I11-J11 -> 1 | L11: 0
A12: 11 | B12: Amloh | C12: =VLOOKUP(B:B,Courts!B:F,2,FALSE()) -> 4 | D12: =VLOOKUP(B:B,Courts!B:E,4,FALSE()) -> 1 | E12: =VLOOKUP(B:B,Courts!B:D,3,FALSE()) -> 0 | F12: 2 | G12: 0 | H12: 1 | I12: =SUM(F12:H12) -> 3 | J12: =SUM(C12:E12)*1 -> 5 | K12: =I12-J12 -> -2 | L12: -1
A13: 12 | B13: Khamanon | C13: =VLOOKUP(B:B,Courts!B:F,2,FALSE()) -> 2 | D13: =VLOOKUP(B:B,Courts!B:E,4,FALSE()) -> 1 | E13: =VLOOKUP(B:B,Courts!B:D,3,FALSE()) -> 0 | F13: 1 | G13: 0 | H13: 2 | I13: =SUM(F13:H13) -> 3 | J13: =SUM(C13:E13)*1 -> 3 | K13: =I13-J13 -> 0 | L13: 0
... A131: 130 | B131: Bilaspur | C131: =VLOOKUP(B:B,Courts!B:F,2,FALSE()) -> 4 | D131: =VLOOKUP(B:B,Courts!B:E,4,FALSE()) -> 1 | E131: =VLOOKUP(B:B,Courts!B:D,3,FALSE()) -> 2 | F131: 3 | G131: 0 | H131: 0 | I131: =SUM(F131:H131) -> 3 | J131: =SUM(C131:E131)*1 -> 7 | K131: =I131-J131 -> -4 | L131: -4
B132: Total | C132: =SUM(C2:C131) -> 1147 | D132: =SUM(D2:D131) -> 81 | E132: =SUM(E2:E131) -> 108 | F132: =SUM(F2:F131) -> 929 | G132: =SUM(G2:G131) -> 7 | H132: =SUM(H2:H131) -> 123 | I132: =SUM(F132:H132) -> 1059 | J132: =SUM(C132:E132)*1 -> 1336 | K132: =I132-J132 -> -277 | L132: =SUM(L2:L131) -> -282
B134: Total | C134: =SUM(C2:C131) -> 1147 | D134: =SUM(D2:D131) -> 81 | E134: =SUM(E2:E131) -> 108 | F134: =SUM(F2:F131) -> 929 | G134: =SUM(G2:G131) -> 7 | H134: =SUM(H2:H131) -> 123 | I134: =SUM(I2:I131) -> 1059 | J134: =SUM(J2:J131) -> 1336 | ... L134: =SUM(L2:L131) -> -282
A136: 1 | B136: Punjab | C136: =SUM(C2:C69) -> 640 | D136: =SUM(D2:D69) -> 45 | E136: =SUM(E2:E69) -> 0 | F136: =SUM(F2:F69) -> 470 | G136: =SUM(G2:G69) -> 7 | H136: =SUM(H2:H69) -> 95 | I136: =SUM(I2:I69) -> 572 | J136: =SUM(J2:J69) -> 685 | ... L136: =SUM(L2:L69) -> -114
A137: 2 | B137: Haryana | C137: =SUM(C71:C131) -> 479 | D137: =SUM(D71:D131) -> 36 | E137: =SUM(E71:E131) -> 108 | F137: =SUM(F71:F131) -> 428 | G137: =SUM(G71:G131) -> 0 | H137: =SUM(H71:H131) -> 28 | I137: =SUM(I71:I131) -> 456 | J137: =SUM(J71:J131) -> 623 | ... L137: =SUM(L71:L131) -> -168
A138: 3 | B138: Chandigarh | C138: =C70 -> 28 | D138: =D70 -> 0 | E138: =E70 -> 0 | F138: =F70 -> 31 | G138: =G70 -> 0 | H138: =H70 -> 0 | I138: =I70 -> 31 | J138: =J70 -> 28 | ... L138: =L70 -> 0
B139: Total | C139: =SUM(C136:C138) -> 1147 | D139: =SUM(D136:D138) -> 81 | E139: =SUM(E136:E138) -> 108 | F139: =SUM(F136:F138) -> 929 | G139: =SUM(G136:G138) -> 7 | H139: =SUM(H136:H138) -> 123 | I139: =SUM(I136:I138) -> 1059 | J139: =SUM(J136:J138) -> 1336 | ... L139: =SUM(L136:L138) -> -282

Sheet PAS
A1: Sr. No. | B1: Sessions Division/Sub-Division | C1: Total number of working Court including family Courts (excluding Officers working as Secy, DLSA, ADJ/ ACJ as Spl. Judge, CBI Court & SJM, POIT/ Special Tribunal) as on 07.01.2025 | D1: Number of family Camp Court/ Gram Nyayalaya updated as on 07.01.2025 | E1: TJOs | F1: 944 in 2017 | G1: 5 in 2018 | H1: 121 in 2023 | I1: 121 in 2024 | J1: Total Supplied | K1: Requirement | L1: Surplus (+) / Shortfall (-)
A2: 1 | B2: Amritsar | C2: =VLOOKUP(B:B,Courts!B:C,2,FALSE()) -> 48 | D2: =VLOOKUP(B:B,Courts!B:E,4,FALSE()) -> 0 | E2: =VLOOKUP(B:B,Courts!B:D,3,FALSE()) -> 0 | F2: 35 | G2: 0 | H2: 0 | I2: 0 | J2: =SUM(F2:I2) -> 35 | K2: =SUM(C2:E2)*1 -> 48 | L2: =J2-K2 -> -13
A3: 2 | B3: Ajnala | C3: =VLOOKUP(B:B,Courts!B:C,2,FALSE()) -> 5 | D3: =VLOOKUP(B:B,Courts!B:E,4,FALSE()) -> 1 | E3: =VLOOKUP(B:B,Courts!B:D,3,FALSE()) -> 0 | F3: 4 | G3: 0 | H3: 0 | I3: 1 | J3: =SUM(F3:I3) -> 5 | K3: =SUM(C3:E3)*1 -> 6 | L3: =J3-K3 -> -1
A4: 3 | B4: Baba Bakala | C4: =VLOOKUP(B:B,Courts!B:C,2,FALSE()) -> 4 | D4: =VLOOKUP(B:B,Courts!B:E,4,FALSE()) -> 1 | E4: =VLOOKUP(B:B,Courts!B:D,3,FALSE()) -> 0 | F4: 1 | G4: 0 | H4: 1 | I4: 0 | J4: =SUM(F4:I4) -> 2 | K4: =SUM(C4:E4)*1 -> 5 | L4: =J4-K4 -> -3
A5: 4 | B5: Barnala | C5: =VLOOKUP(B:B,Courts!B:C,2,FALSE()) -> 11 | D5: =VLOOKUP(B:B,Courts!B:E,4,FALSE()) -> 0 | E5: =VLOOKUP(B:B,Courts!B:D,3,FALSE()) -> 0 | F5: 9 | G5: 0 | H5: 2 | I5: 0 | J5: =SUM(F5:I5) -> 11 | K5: =SUM(C5:E5)*1 -> 11 | L5: =J5-K5 -> 0
A6: 5 | B6: Bathinda | C6: =VLOOKUP(B:B,Courts!B:C,2,FALSE()) -> 25 | D6: =VLOOKUP(B:B,Courts!B:E,4,FALSE()) -> 0 | E6: =VLOOKUP(B:B,Courts!B:D,3,FALSE()) -> 0 | F6: 19 | G6: 0 | H6: 0 | I6: 2 | J6: =SUM(F6:I6) -> 21 | K6: =SUM(C6:E6)*1 -> 25 | L6: =J6-K6 -> -4
A7: 6 | B7: Talwandi Sabo | C7: =VLOOKUP(B:B,Courts!B:C,2,FALSE()) -> 6 | D7: =VLOOKUP(B:B,Courts!B:E,4,FALSE()) -> 1 | E7: =VLOOKUP(B:B,Courts!B:D,3,FALSE()) -> 0 | F7: 2 | G7: 0 | H7: 2 | I7: 0 | J7: =SUM(F7:I7) -> 4 | K7: =SUM(C7:E7)*1 -> 7 | L7: =J7-K7 -> -3
A8: 7 | B8: Phul | C8: =VLOOKUP(B:B,Courts!B:C,2,FALSE()) -> 4 | D8: =VLOOKUP(B:B,Courts!B:E,4,FALSE()) -> 1 | E8: =VLOOKUP(B:B,Courts!B:D,3,FALSE()) -> 0 | F8: 2 | G8: 0 | H8: 1 | I8: 0 | J8: =SUM(F8:I8) -> 3 | K8: =SUM(C8:E8)*1 -> 5 | L8: =J8-K8 -> -2
A9: 8 | B9: Faridkot | C9: =VLOOKUP(B:B,Courts!B:C,2,FALSE()) -> 12 | D9: =VLOOKUP(B:B,Courts!B:E,4,FALSE()) -> 0 | E9: =VLOOKUP(B:B,Courts!B:D,3,FALSE()) -> 0 | F9: 11 | G9: 0 | H9: 0 | I9: 0 | J9: =SUM(F9:I9) -> 11 | K9: =SUM(C9:E9)*1 -> 12 | L9: =J9-K9 -> -1
A10: 9 | B10: Jaitu | C10: =VLOOKUP(B:B,Courts!B:C,2,FALSE()) -> 2 | D10: =VLOOKUP(B:B,Courts!B:E,4,FALSE()) -> 0 | E10: =VLOOKUP(B:B,Courts!B:D,3,FALSE()) -> 0 | F10: 1 | G10: 0 | H10: 0 | I10: 0 | J10: =SUM(F10:I10) -> 1 | K10: =SUM(C10:E10)*1 -> 2 | L10: =J10-K10 -> -1
A11: 10 | B11: Fatehgarh Sahib | C11: =VLOOKUP(B:B,Courts!B:C,2,FALSE()) -> 11 | D11: =VLOOKUP(B:B,Courts!B:E,4,FALSE()) -> 0 | E11: =VLOOKUP(B:B,Courts!B:D,3,FALSE()) -> 0 | F11: 12 | G11: 0 | H11: 0 | I11: 0 | J11: =SUM(F11:I11) -> 12 | K11: =SUM(C11:E11)*1 -> 11 | L11: =J11-K11 -> 1
A12: 11 | B12: Amloh | C12: =VLOOKUP(B:B,Courts!B:C,2,FALSE()) -> 4 | D12: =VLOOKUP(B:B,Courts!B:E,4,FALSE()) -> 1 | E12: =VLOOKUP(B:B,Courts!B:D,3,FALSE()) -> 0 | F12: 2 | G12: 0 | H12: 1 | I12: 0 | J12: =SUM(F12:I12) -> 3 | K12: =SUM(C12:E12)*1 -> 5 | L12: =J12-K12 -> -2
A13: 12 | B13: Khamanon | C13: =VLOOKUP(B:B,Courts!B:C,2,FALSE()) -> 2 | D13: =VLOOKUP(B:B,Courts!B:E,4,FALSE()) -> 1 | E13: =VLOOKUP(B:B,Courts!B:D,3,FALSE()) -> 0 | F13: 1 | G13: 0 | H13: 2 | I13: 0 | J13: =SUM(F13:I13) -> 3 | K13: =SUM(C13:E13)*1 -> 3 | L13: =J13-K13 -> 0
... A131: 130 | B131: Bilaspur | C131: =VLOOKUP(B:B,Courts!B:C,2,FALSE()) -> 4 | D131: =VLOOKUP(B:B,Courts!B:E,4,FALSE()) -> 1 | E131: =VLOOKUP(B:B,Courts!B:D,3,FALSE()) -> 2 | F131: 3 | G131: 0 | H131: 0 | I131: 2 | J131: =SUM(F131:I131) -> 5 | K131: =SUM(C131:E131)*1 -> 7 | L131: =J131-K131 -> -2
B133: Total | C133: =SUM(C2:C131) -> 1147 | D133: =SUM(D2:D131) -> 81 | E133: =SUM(E2:E131) -> 108 | F133: =SUM(F2:F131) -> 944 | G133: =SUM(G2:G131) -> 5 | H133: =SUM(H2:H131) -> 121 | I133: =SUM(I2:I131) -> 121 | J133: =SUM(J2:J131) -> 1191 | ... L133: =SUM(L2:L131) -> -145
A135: 1 | B135: Punjab | C135: =SUM(C2:C69) -> 640 | D135: =SUM(D2:D69) -> 45 | E135: =SUM(E2:E69) -> 0 | F135: =SUM(F2:F69) -> 468 | G135: =SUM(G2:G69) -> 1 | H135: =SUM(H2:H69) -> 86 | I135: =SUM(I2:I69) -> 28 | J135: =SUM(J2:J69) -> 583 | ... L135: =SUM(L2:L69) -> -102
A136: 2 | B136: Haryana | C136: =SUM(C71:C131) -> 479 | D136: =SUM(D71:D131) -> 36 | E136: =SUM(E71:E131) -> 108 | F136: =SUM(F71:F131) -> 445 | G136: =SUM(G71:G131) -> 4 | H136: =SUM(H71:H131) -> 35 | I136: =SUM(I71:I131) -> 93 | J136: =SUM(J71:J131) -> 577 | ... L136: =SUM(L71:L131) -> -46
A137: 3 | B137: Chandigarh | C137: =SUM(C70) -> 28 | D137: =SUM(D70) -> 0 | E137: =SUM(E70) -> 0 | F137: =SUM(F70) -> 31 | G137: =SUM(G70) -> 0 | H137: =SUM(H70) -> 0 | I137: =SUM(I70) -> 0 | J137: =SUM(J70) -> 31 | ... L137: =SUM(L70) -> 3
B138: =B133 -> Total | C138: =SUM(C135:C137) -> 1147 | D138: =SUM(D135:D137) -> 81 | E138: =SUM(E135:E137) -> 108 | F138: =SUM(F135:F137) -> 944 | G138: =SUM(G135:G137) -> 5 | H138: =SUM(H135:H137) -> 121 | I138: =SUM(I135:I137) -> 121 | J138: =SUM(J135:J137) -> 1191 | ... L138: =SUM(L135:L137) -> -145
